[2026-09-29 13:47:32] ========================================================================
[2026-09-29 13:47:32] run_all.py gestartet: --trocken --profil L1,L3
[2026-09-29 13:47:32] Modus: Messreihe, TROCKEN; 60 s aufwaermen, 120 s messen, 4 Clients, Laufnummern [1, 2, 3, 4, 5]
[2026-09-29 13:47:32] Plan: 75 Laeufe, davon 0 bereits in messungen.csv, 75 offen.
[2026-09-29 13:47:32] ------------------------------------------------------------------------
[2026-09-29 13:47:32] Block SF1: 60 offene Laeufe
[2026-09-29 13:47:32] [trocken] pruefen, ob SF1 geladen ist, sonst umladen
[2026-09-29 13:47:32] [trocken] Bestand pruefen; falls veraendert: aus Dump wiederherstellen oder neu laden
[2026-09-29 13:47:32] [trocken] falls keine Dumps vorliegen: Dumps erzeugen und Wiederherstellen einmal pruefen
[2026-09-29 13:47:32] [1/75] SF1 L1 Arm A Lauf 1 -- Restzeit ca. 4 h 12 min zzgl. Umladen auf SF2
[2026-09-29 13:47:32] [trocken] arm_postgres neu starten
[2026-09-29 13:47:32] [trocken] bench.py SF1 L1 Arm A Lauf 1
[2026-09-29 13:47:32] [2/75] SF1 L1 Arm A Lauf 2 -- Restzeit ca. 4 h 09 min zzgl. Umladen auf SF2
[2026-09-29 13:47:32] [trocken] bench.py SF1 L1 Arm A Lauf 2
[2026-09-29 13:47:32] [3/75] SF1 L1 Arm A Lauf 3 -- Restzeit ca. 4 h 06 min zzgl. Umladen auf SF2
[2026-09-29 13:47:32] [trocken] bench.py SF1 L1 Arm A Lauf 3
[2026-09-29 13:47:32] [4/75] SF1 L1 Arm A Lauf 4 -- Restzeit ca. 4 h 03 min zzgl. Umladen auf SF2
[2026-09-29 13:47:32] [trocken] bench.py SF1 L1 Arm A Lauf 4
[2026-09-29 13:47:32] [5/75] SF1 L1 Arm A Lauf 5 -- Restzeit ca. 4 h 00 min zzgl. Umladen auf SF2
[2026-09-29 13:47:32] [trocken] bench.py SF1 L1 Arm A Lauf 5
[2026-09-29 13:47:32] [6/75] SF1 L1 Arm B Lauf 1 -- Restzeit ca. 3 h 57 min zzgl. Umladen auf SF2
[2026-09-29 13:47:32] [trocken] arm_mongodb neu starten
[2026-09-29 13:47:32] [trocken] bench.py SF1 L1 Arm B Lauf 1
[2026-09-29 13:47:32] [7/75] SF1 L1 Arm B Lauf 2 -- Restzeit ca. 3 h 54 min zzgl. Umladen auf SF2
[2026-09-29 13:47:32] [trocken] bench.py SF1 L1 Arm B Lauf 2
[2026-09-29 13:47:32] [8/75] SF1 L1 Arm B Lauf 3 -- Restzeit ca. 3 h 50 min zzgl. Umladen auf SF2
[2026-09-29 13:47:32] [trocken] bench.py SF1 L1 Arm B Lauf 3
[2026-09-29 13:47:32] [9/75] SF1 L1 Arm B Lauf 4 -- Restzeit ca. 3 h 47 min zzgl. Umladen auf SF2
[2026-09-29 13:47:32] [trocken] bench.py SF1 L1 Arm B Lauf 4
[2026-09-29 13:47:32] [10/75] SF1 L1 Arm B Lauf 5 -- Restzeit ca. 3 h 44 min zzgl. Umladen auf SF2
[2026-09-29 13:47:32] [trocken] bench.py SF1 L1 Arm B Lauf 5
[2026-09-29 13:47:32] [11/75] SF1 L1 Arm C Lauf 1 -- Restzeit ca. 3 h 41 min zzgl. Umladen auf SF2
[2026-09-29 13:47:32] [trocken] arm_mongodb neu starten
[2026-09-29 13:47:32] [trocken] bench.py SF1 L1 Arm C Lauf 1
[2026-09-29 13:47:32] [12/75] SF1 L1 Arm C Lauf 2 -- Restzeit ca. 3 h 38 min zzgl. Umladen auf SF2
[2026-09-29 13:47:32] [trocken] bench.py SF1 L1 Arm C Lauf 2
[2026-09-29 13:47:32] [13/75] SF1 L1 Arm C Lauf 3 -- Restzeit ca. 3 h 34 min zzgl. Umladen auf SF2
[2026-09-29 13:47:32] [trocken] bench.py SF1 L1 Arm C Lauf 3
[2026-09-29 13:47:32] [14/75] SF1 L1 Arm C Lauf 4 -- Restzeit ca. 3 h 31 min zzgl. Umladen auf SF2
[2026-09-29 13:47:32] [trocken] bench.py SF1 L1 Arm C Lauf 4
[2026-09-29 13:47:32] [15/75] SF1 L1 Arm C Lauf 5 -- Restzeit ca. 3 h 28 min zzgl. Umladen auf SF2
[2026-09-29 13:47:32] [trocken] bench.py SF1 L1 Arm C Lauf 5
[2026-09-29 13:47:32] [16/75] SF1 L3 Arm A Fan-out 10 Lauf 1 -- Restzeit ca. 3 h 25 min zzgl. Umladen auf SF2
[2026-09-29 13:47:32] [trocken] Arm A aus Dump wiederherstellen, arm_postgres neu starten
[2026-09-29 13:47:32] [trocken] bench.py SF1 L3 Arm A Fan-out 10 Lauf 1
[2026-09-29 13:47:32] [17/75] SF1 L3 Arm A Fan-out 10 Lauf 2 -- Restzeit ca. 3 h 22 min zzgl. Umladen auf SF2
[2026-09-29 13:47:32] [trocken] Arm A aus Dump wiederherstellen, arm_postgres neu starten
[2026-09-29 13:47:32] [trocken] bench.py SF1 L3 Arm A Fan-out 10 Lauf 2
[2026-09-29 13:47:32] [18/75] SF1 L3 Arm A Fan-out 10 Lauf 3 -- Restzeit ca. 3 h 18 min zzgl. Umladen auf SF2
[2026-09-29 13:47:32] [trocken] Arm A aus Dump wiederherstellen, arm_postgres neu starten
[2026-09-29 13:47:32] [trocken] bench.py SF1 L3 Arm A Fan-out 10 Lauf 3
[2026-09-29 13:47:32] [19/75] SF1 L3 Arm A Fan-out 10 Lauf 4 -- Restzeit ca. 3 h 14 min zzgl. Umladen auf SF2
[2026-09-29 13:47:32] [trocken] Arm A aus Dump wiederherstellen, arm_postgres neu starten
[2026-09-29 13:47:32] [trocken] bench.py SF1 L3 Arm A Fan-out 10 Lauf 4
[2026-09-29 13:47:32] [20/75] SF1 L3 Arm A Fan-out 10 Lauf 5 -- Restzeit ca. 3 h 11 min zzgl. Umladen auf SF2
[2026-09-29 13:47:32] [trocken] Arm A aus Dump wiederherstellen, arm_postgres neu starten
[2026-09-29 13:47:32] [trocken] bench.py SF1 L3 Arm A Fan-out 10 Lauf 5
[2026-09-29 13:47:32] [21/75] SF1 L3 Arm A Fan-out 100 Lauf 1 -- Restzeit ca. 3 h 08 min zzgl. Umladen auf SF2
[2026-09-29 13:47:32] [trocken] Arm A aus Dump wiederherstellen, arm_postgres neu starten
[2026-09-29 13:47:32] [trocken] bench.py SF1 L3 Arm A Fan-out 100 Lauf 1
[2026-09-29 13:47:32] [22/75] SF1 L3 Arm A Fan-out 100 Lauf 2 -- Restzeit ca. 3 h 04 min zzgl. Umladen auf SF2
[2026-09-29 13:47:32] [trocken] Arm A aus Dump wiederherstellen, arm_postgres neu starten
[2026-09-29 13:47:32] [trocken] bench.py SF1 L3 Arm A Fan-out 100 Lauf 2
[2026-09-29 13:47:32] [23/75] SF1 L3 Arm A Fan-out 100 Lauf 3 -- Restzeit ca. 3 h 00 min zzgl. Umladen auf SF2
[2026-09-29 13:47:32] [trocken] Arm A aus Dump wiederherstellen, arm_postgres neu starten
[2026-09-29 13:47:32] [trocken] bench.py SF1 L3 Arm A Fan-out 100 Lauf 3
[2026-09-29 13:47:32] [24/75] SF1 L3 Arm A Fan-out 100 Lauf 4 -- Restzeit ca. 2 h 57 min zzgl. Umladen auf SF2
[2026-09-29 13:47:32] [trocken] Arm A aus Dump wiederherstellen, arm_postgres neu starten
[2026-09-29 13:47:32] [trocken] bench.py SF1 L3 Arm A Fan-out 100 Lauf 4
[2026-09-29 13:47:32] [25/75] SF1 L3 Arm A Fan-out 100 Lauf 5 -- Restzeit ca. 2 h 54 min zzgl. Umladen auf SF2
[2026-09-29 13:47:32] [trocken] Arm A aus Dump wiederherstellen, arm_postgres neu starten
[2026-09-29 13:47:32] [trocken] bench.py SF1 L3 Arm A Fan-out 100 Lauf 5
[2026-09-29 13:47:32] [26/75] SF1 L3 Arm A Fan-out 1000 Lauf 1 -- Restzeit ca. 2 h 50 min zzgl. Umladen auf SF2
[2026-09-29 13:47:32] [trocken] Arm A aus Dump wiederherstellen, arm_postgres neu starten
[2026-09-29 13:47:32] [trocken] bench.py SF1 L3 Arm A Fan-out 1000 Lauf 1
[2026-09-29 13:47:32] [27/75] SF1 L3 Arm A Fan-out 1000 Lauf 2 -- Restzeit ca. 2 h 46 min zzgl. Umladen auf SF2
[2026-09-29 13:47:32] [trocken] Arm A aus Dump wiederherstellen, arm_postgres neu starten
[2026-09-29 13:47:32] [trocken] bench.py SF1 L3 Arm A Fan-out 1000 Lauf 2
[2026-09-29 13:47:32] [28/75] SF1 L3 Arm A Fan-out 1000 Lauf 3 -- Restzeit ca. 2 h 43 min zzgl. Umladen auf SF2
[2026-09-29 13:47:32] [trocken] Arm A aus Dump wiederherstellen, arm_postgres neu starten
[2026-09-29 13:47:32] [trocken] bench.py SF1 L3 Arm A Fan-out 1000 Lauf 3
[2026-09-29 13:47:32] [29/75] SF1 L3 Arm A Fan-out 1000 Lauf 4 -- Restzeit ca. 2 h 40 min zzgl. Umladen auf SF2
[2026-09-29 13:47:32] [trocken] Arm A aus Dump wiederherstellen, arm_postgres neu starten
[2026-09-29 13:47:32] [trocken] bench.py SF1 L3 Arm A Fan-out 1000 Lauf 4
[2026-09-29 13:47:32] [30/75] SF1 L3 Arm A Fan-out 1000 Lauf 5 -- Restzeit ca. 2 h 36 min zzgl. Umladen auf SF2
[2026-09-29 13:47:32] [trocken] Arm A aus Dump wiederherstellen, arm_postgres neu starten
[2026-09-29 13:47:32] [trocken] bench.py SF1 L3 Arm A Fan-out 1000 Lauf 5
[2026-09-29 13:47:32] [31/75] SF1 L3 Arm B Fan-out 10 Lauf 1 -- Restzeit ca. 2 h 32 min zzgl. Umladen auf SF2
[2026-09-29 13:47:32] [trocken] Arm B aus Dump wiederherstellen, arm_mongodb neu starten
[2026-09-29 13:47:32] [trocken] bench.py SF1 L3 Arm B Fan-out 10 Lauf 1
[2026-09-29 13:47:32] [32/75] SF1 L3 Arm B Fan-out 10 Lauf 2 -- Restzeit ca. 2 h 29 min zzgl. Umladen auf SF2
[2026-09-29 13:47:32] [trocken] Arm B aus Dump wiederherstellen, arm_mongodb neu starten
[2026-09-29 13:47:32] [trocken] bench.py SF1 L3 Arm B Fan-out 10 Lauf 2
[2026-09-29 13:47:32] [33/75] SF1 L3 Arm B Fan-out 10 Lauf 3 -- Restzeit ca. 2 h 26 min zzgl. Umladen auf SF2
[2026-09-29 13:47:32] [trocken] Arm B aus Dump wiederherstellen, arm_mongodb neu starten
[2026-09-29 13:47:32] [trocken] bench.py SF1 L3 Arm B Fan-out 10 Lauf 3
[2026-09-29 13:47:32] [34/75] SF1 L3 Arm B Fan-out 10 Lauf 4 -- Restzeit ca. 2 h 22 min zzgl. Umladen auf SF2
[2026-09-29 13:47:32] [trocken] Arm B aus Dump wiederherstellen, arm_mongodb neu starten
[2026-09-29 13:47:32] [trocken] bench.py SF1 L3 Arm B Fan-out 10 Lauf 4
[2026-09-29 13:47:32] [35/75] SF1 L3 Arm B Fan-out 10 Lauf 5 -- Restzeit ca. 2 h 18 min zzgl. Umladen auf SF2
[2026-09-29 13:47:32] [trocken] Arm B aus Dump wiederherstellen, arm_mongodb neu starten
[2026-09-29 13:47:32] [trocken] bench.py SF1 L3 Arm B Fan-out 10 Lauf 5
[2026-09-29 13:47:32] [36/75] SF1 L3 Arm B Fan-out 100 Lauf 1 -- Restzeit ca. 2 h 15 min zzgl. Umladen auf SF2
[2026-09-29 13:47:32] [trocken] Arm B aus Dump wiederherstellen, arm_mongodb neu starten
[2026-09-29 13:47:32] [trocken] bench.py SF1 L3 Arm B Fan-out 100 Lauf 1
[2026-09-29 13:47:32] [37/75] SF1 L3 Arm B Fan-out 100 Lauf 2 -- Restzeit ca. 2 h 12 min zzgl. Umladen auf SF2
[2026-09-29 13:47:32] [trocken] Arm B aus Dump wiederherstellen, arm_mongodb neu starten
[2026-09-29 13:47:32] [trocken] bench.py SF1 L3 Arm B Fan-out 100 Lauf 2
[2026-09-29 13:47:32] [38/75] SF1 L3 Arm B Fan-out 100 Lauf 3 -- Restzeit ca. 2 h 08 min zzgl. Umladen auf SF2
[2026-09-29 13:47:32] [trocken] Arm B aus Dump wiederherstellen, arm_mongodb neu starten
[2026-09-29 13:47:32] [trocken] bench.py SF1 L3 Arm B Fan-out 100 Lauf 3
[2026-09-29 13:47:32] [39/75] SF1 L3 Arm B Fan-out 100 Lauf 4 -- Restzeit ca. 2 h 04 min zzgl. Umladen auf SF2
[2026-09-29 13:47:32] [trocken] Arm B aus Dump wiederherstellen, arm_mongodb neu starten
[2026-09-29 13:47:32] [trocken] bench.py SF1 L3 Arm B Fan-out 100 Lauf 4
[2026-09-29 13:47:32] [40/75] SF1 L3 Arm B Fan-out 100 Lauf 5 -- Restzeit ca. 2 h 01 min zzgl. Umladen auf SF2
[2026-09-29 13:47:32] [trocken] Arm B aus Dump wiederherstellen, arm_mongodb neu starten
[2026-09-29 13:47:32] [trocken] bench.py SF1 L3 Arm B Fan-out 100 Lauf 5
[2026-09-29 13:47:32] [41/75] SF1 L3 Arm B Fan-out 1000 Lauf 1 -- Restzeit ca. 1 h 58 min zzgl. Umladen auf SF2
[2026-09-29 13:47:32] [trocken] Arm B aus Dump wiederherstellen, arm_mongodb neu starten
[2026-09-29 13:47:32] [trocken] bench.py SF1 L3 Arm B Fan-out 1000 Lauf 1
[2026-09-29 13:47:32] [42/75] SF1 L3 Arm B Fan-out 1000 Lauf 2 -- Restzeit ca. 1 h 54 min zzgl. Umladen auf SF2
[2026-09-29 13:47:32] [trocken] Arm B aus Dump wiederherstellen, arm_mongodb neu starten
[2026-09-29 13:47:32] [trocken] bench.py SF1 L3 Arm B Fan-out 1000 Lauf 2
[2026-09-29 13:47:32] [43/75] SF1 L3 Arm B Fan-out 1000 Lauf 3 -- Restzeit ca. 1 h 50 min zzgl. Umladen auf SF2
[2026-09-29 13:47:32] [trocken] Arm B aus Dump wiederherstellen, arm_mongodb neu starten
[2026-09-29 13:47:32] [trocken] bench.py SF1 L3 Arm B Fan-out 1000 Lauf 3
[2026-09-29 13:47:32] [44/75] SF1 L3 Arm B Fan-out 1000 Lauf 4 -- Restzeit ca. 1 h 47 min zzgl. Umladen auf SF2
[2026-09-29 13:47:32] [trocken] Arm B aus Dump wiederherstellen, arm_mongodb neu starten
[2026-09-29 13:47:32] [trocken] bench.py SF1 L3 Arm B Fan-out 1000 Lauf 4
[2026-09-29 13:47:32] [45/75] SF1 L3 Arm B Fan-out 1000 Lauf 5 -- Restzeit ca. 1 h 44 min zzgl. Umladen auf SF2
[2026-09-29 13:47:32] [trocken] Arm B aus Dump wiederherstellen, arm_mongodb neu starten
[2026-09-29 13:47:32] [trocken] bench.py SF1 L3 Arm B Fan-out 1000 Lauf 5
[2026-09-29 13:47:32] [46/75] SF1 L3 Arm C Fan-out 10 Lauf 1 -- Restzeit ca. 1 h 40 min zzgl. Umladen auf SF2
[2026-09-29 13:47:32] [trocken] Arm C aus Dump wiederherstellen, arm_mongodb neu starten
[2026-09-29 13:47:32] [trocken] bench.py SF1 L3 Arm C Fan-out 10 Lauf 1
[2026-09-29 13:47:32] [47/75] SF1 L3 Arm C Fan-out 10 Lauf 2 -- Restzeit ca. 1 h 36 min zzgl. Umladen auf SF2
[2026-09-29 13:47:32] [trocken] Arm C aus Dump wiederherstellen, arm_mongodb neu starten
[2026-09-29 13:47:32] [trocken] bench.py SF1 L3 Arm C Fan-out 10 Lauf 2
[2026-09-29 13:47:32] [48/75] SF1 L3 Arm C Fan-out 10 Lauf 3 -- Restzeit ca. 1 h 33 min zzgl. Umladen auf SF2
[2026-09-29 13:47:32] [trocken] Arm C aus Dump wiederherstellen, arm_mongodb neu starten
[2026-09-29 13:47:32] [trocken] bench.py SF1 L3 Arm C Fan-out 10 Lauf 3
[2026-09-29 13:47:32] [49/75] SF1 L3 Arm C Fan-out 10 Lauf 4 -- Restzeit ca. 1 h 30 min zzgl. Umladen auf SF2
[2026-09-29 13:47:32] [trocken] Arm C aus Dump wiederherstellen, arm_mongodb neu starten
[2026-09-29 13:47:32] [trocken] bench.py SF1 L3 Arm C Fan-out 10 Lauf 4
[2026-09-29 13:47:32] [50/75] SF1 L3 Arm C Fan-out 10 Lauf 5 -- Restzeit ca. 1 h 26 min zzgl. Umladen auf SF2
[2026-09-29 13:47:32] [trocken] Arm C aus Dump wiederherstellen, arm_mongodb neu starten
[2026-09-29 13:47:32] [trocken] bench.py SF1 L3 Arm C Fan-out 10 Lauf 5
[2026-09-29 13:47:32] [51/75] SF1 L3 Arm C Fan-out 100 Lauf 1 -- Restzeit ca. 1 h 22 min zzgl. Umladen auf SF2
[2026-09-29 13:47:32] [trocken] Arm C aus Dump wiederherstellen, arm_mongodb neu starten
[2026-09-29 13:47:32] [trocken] bench.py SF1 L3 Arm C Fan-out 100 Lauf 1
[2026-09-29 13:47:32] [52/75] SF1 L3 Arm C Fan-out 100 Lauf 2 -- Restzeit ca. 1 h 19 min zzgl. Umladen auf SF2
[2026-09-29 13:47:32] [trocken] Arm C aus Dump wiederherstellen, arm_mongodb neu starten
[2026-09-29 13:47:32] [trocken] bench.py SF1 L3 Arm C Fan-out 100 Lauf 2
[2026-09-29 13:47:32] [53/75] SF1 L3 Arm C Fan-out 100 Lauf 3 -- Restzeit ca. 1 h 16 min zzgl. Umladen auf SF2
[2026-09-29 13:47:32] [trocken] Arm C aus Dump wiederherstellen, arm_mongodb neu starten
[2026-09-29 13:47:32] [trocken] bench.py SF1 L3 Arm C Fan-out 100 Lauf 3
[2026-09-29 13:47:32] [54/75] SF1 L3 Arm C Fan-out 100 Lauf 4 -- Restzeit ca. 1 h 12 min zzgl. Umladen auf SF2
[2026-09-29 13:47:32] [trocken] Arm C aus Dump wiederherstellen, arm_mongodb neu starten
[2026-09-29 13:47:32] [trocken] bench.py SF1 L3 Arm C Fan-out 100 Lauf 4
[2026-09-29 13:47:32] [55/75] SF1 L3 Arm C Fan-out 100 Lauf 5 -- Restzeit ca. 1 h 08 min zzgl. Umladen auf SF2
[2026-09-29 13:47:32] [trocken] Arm C aus Dump wiederherstellen, arm_mongodb neu starten
[2026-09-29 13:47:32] [trocken] bench.py SF1 L3 Arm C Fan-out 100 Lauf 5
[2026-09-29 13:47:32] [56/75] SF1 L3 Arm C Fan-out 1000 Lauf 1 -- Restzeit ca. 1 h 05 min zzgl. Umladen auf SF2
[2026-09-29 13:47:32] [trocken] Arm C aus Dump wiederherstellen, arm_mongodb neu starten
[2026-09-29 13:47:32] [trocken] bench.py SF1 L3 Arm C Fan-out 1000 Lauf 1
[2026-09-29 13:47:32] [57/75] SF1 L3 Arm C Fan-out 1000 Lauf 2 -- Restzeit ca. 1 h 02 min zzgl. Umladen auf SF2
[2026-09-29 13:47:32] [trocken] Arm C aus Dump wiederherstellen, arm_mongodb neu starten
[2026-09-29 13:47:32] [trocken] bench.py SF1 L3 Arm C Fan-out 1000 Lauf 2
[2026-09-29 13:47:32] [58/75] SF1 L3 Arm C Fan-out 1000 Lauf 3 -- Restzeit ca. 0 h 58 min zzgl. Umladen auf SF2
[2026-09-29 13:47:32] [trocken] Arm C aus Dump wiederherstellen, arm_mongodb neu starten
[2026-09-29 13:47:32] [trocken] bench.py SF1 L3 Arm C Fan-out 1000 Lauf 3
[2026-09-29 13:47:32] [59/75] SF1 L3 Arm C Fan-out 1000 Lauf 4 -- Restzeit ca. 0 h 54 min zzgl. Umladen auf SF2
[2026-09-29 13:47:32] [trocken] Arm C aus Dump wiederherstellen, arm_mongodb neu starten
[2026-09-29 13:47:32] [trocken] bench.py SF1 L3 Arm C Fan-out 1000 Lauf 4
[2026-09-29 13:47:32] [60/75] SF1 L3 Arm C Fan-out 1000 Lauf 5 -- Restzeit ca. 0 h 51 min zzgl. Umladen auf SF2
[2026-09-29 13:47:32] [trocken] Arm C aus Dump wiederherstellen, arm_mongodb neu starten
[2026-09-29 13:47:32] [trocken] bench.py SF1 L3 Arm C Fan-out 1000 Lauf 5
[2026-09-29 13:47:32] [trocken] abschliessend veraenderte Arme aus dem Dump wiederherstellen
[2026-09-29 13:47:32] ------------------------------------------------------------------------
[2026-09-29 13:47:32] Block SF2: 15 offene Laeufe
[2026-09-29 13:47:32] [trocken] pruefen, ob SF2 geladen ist, sonst umladen
[2026-09-29 13:47:32] [61/75] SF2 L1 Arm A Lauf 1 -- Restzeit ca. 0 h 48 min
[2026-09-29 13:47:32] [trocken] arm_postgres neu starten
[2026-09-29 13:47:32] [trocken] bench.py SF2 L1 Arm A Lauf 1
[2026-09-29 13:47:32] [62/75] SF2 L1 Arm A Lauf 2 -- Restzeit ca. 0 h 44 min
[2026-09-29 13:47:32] [trocken] bench.py SF2 L1 Arm A Lauf 2
[2026-09-29 13:47:32] [63/75] SF2 L1 Arm A Lauf 3 -- Restzeit ca. 0 h 41 min
[2026-09-29 13:47:32] [trocken] bench.py SF2 L1 Arm A Lauf 3
[2026-09-29 13:47:32] [64/75] SF2 L1 Arm A Lauf 4 -- Restzeit ca. 0 h 38 min
[2026-09-29 13:47:32] [trocken] bench.py SF2 L1 Arm A Lauf 4
[2026-09-29 13:47:32] [65/75] SF2 L1 Arm A Lauf 5 -- Restzeit ca. 0 h 35 min
[2026-09-29 13:47:32] [trocken] bench.py SF2 L1 Arm A Lauf 5
[2026-09-29 13:47:32] [66/75] SF2 L1 Arm B Lauf 1 -- Restzeit ca. 0 h 32 min
[2026-09-29 13:47:32] [trocken] arm_mongodb neu starten
[2026-09-29 13:47:32] [trocken] bench.py SF2 L1 Arm B Lauf 1
[2026-09-29 13:47:32] [67/75] SF2 L1 Arm B Lauf 2 -- Restzeit ca. 0 h 28 min
[2026-09-29 13:47:32] [trocken] bench.py SF2 L1 Arm B Lauf 2
[2026-09-29 13:47:32] [68/75] SF2 L1 Arm B Lauf 3 -- Restzeit ca. 0 h 25 min
[2026-09-29 13:47:32] [trocken] bench.py SF2 L1 Arm B Lauf 3
[2026-09-29 13:47:32] [69/75] SF2 L1 Arm B Lauf 4 -- Restzeit ca. 0 h 22 min
[2026-09-29 13:47:32] [trocken] bench.py SF2 L1 Arm B Lauf 4
[2026-09-29 13:47:32] [70/75] SF2 L1 Arm B Lauf 5 -- Restzeit ca. 0 h 19 min
[2026-09-29 13:47:32] [trocken] bench.py SF2 L1 Arm B Lauf 5
[2026-09-29 13:47:32] [71/75] SF2 L1 Arm C Lauf 1 -- Restzeit ca. 0 h 16 min
[2026-09-29 13:47:32] [trocken] arm_mongodb neu starten
[2026-09-29 13:47:32] [trocken] bench.py SF2 L1 Arm C Lauf 1
[2026-09-29 13:47:32] [72/75] SF2 L1 Arm C Lauf 2 -- Restzeit ca. 0 h 13 min
[2026-09-29 13:47:32] [trocken] bench.py SF2 L1 Arm C Lauf 2
[2026-09-29 13:47:32] [73/75] SF2 L1 Arm C Lauf 3 -- Restzeit ca. 0 h 10 min
[2026-09-29 13:47:32] [trocken] bench.py SF2 L1 Arm C Lauf 3
[2026-09-29 13:47:32] [74/75] SF2 L1 Arm C Lauf 4 -- Restzeit ca. 0 h 06 min
[2026-09-29 13:47:32] [trocken] bench.py SF2 L1 Arm C Lauf 4
[2026-09-29 13:47:32] [75/75] SF2 L1 Arm C Lauf 5 -- Restzeit ca. 0 h 03 min
[2026-09-29 13:47:32] [trocken] bench.py SF2 L1 Arm C Lauf 5
[2026-09-29 13:47:32] ========================================================================
[2026-09-29 13:47:32] Zusammenfassung: 75 von 75 offenen Laeufen bearbeitet in 0 h 00 min.
[2026-09-29 13:47:32] Keine Fehler.
[2026-09-29 13:47:32] ========================================================================
[2026-09-29 13:47:32] run_all.py gestartet: --trocken
[2026-09-29 13:47:32] Modus: Messreihe, TROCKEN; 60 s aufwaermen, 120 s messen, 4 Clients, Laufnummern [1, 2, 3, 4, 5]
[2026-09-29 13:47:32] Plan: 150 Laeufe, davon 0 bereits in messungen.csv, 150 offen.
[2026-09-29 13:47:32] ------------------------------------------------------------------------
[2026-09-29 13:47:32] Block SF1: 105 offene Laeufe
[2026-09-29 13:47:32] [trocken] pruefen, ob SF1 geladen ist, sonst umladen
[2026-09-29 13:47:32] [trocken] Bestand pruefen; falls veraendert: aus Dump wiederherstellen oder neu laden
[2026-09-29 13:47:32] [trocken] falls keine Dumps vorliegen: Dumps erzeugen und Wiederherstellen einmal pruefen
[2026-09-29 13:47:32] [1/150] SF1 L1 Arm A Lauf 1 -- Restzeit ca. 8 h 15 min zzgl. Umladen auf SF2
[2026-09-29 13:47:32] [trocken] arm_postgres neu starten
[2026-09-29 13:47:32] [trocken] bench.py SF1 L1 Arm A Lauf 1
[2026-09-29 13:47:32] [2/150] SF1 L1 Arm A Lauf 2 -- Restzeit ca. 8 h 12 min zzgl. Umladen auf SF2
[2026-09-29 13:47:32] [trocken] bench.py SF1 L1 Arm A Lauf 2
[2026-09-29 13:47:32] [3/150] SF1 L1 Arm A Lauf 3 -- Restzeit ca. 8 h 09 min zzgl. Umladen auf SF2
[2026-09-29 13:47:32] [trocken] bench.py SF1 L1 Arm A Lauf 3
[2026-09-29 13:47:32] [4/150] SF1 L1 Arm A Lauf 4 -- Restzeit ca. 8 h 06 min zzgl. Umladen auf SF2
[2026-09-29 13:47:32] [trocken] bench.py SF1 L1 Arm A Lauf 4
[2026-09-29 13:47:32] [5/150] SF1 L1 Arm A Lauf 5 -- Restzeit ca. 8 h 02 min zzgl. Umladen auf SF2
[2026-09-29 13:47:32] [trocken] bench.py SF1 L1 Arm A Lauf 5
[2026-09-29 13:47:32] [6/150] SF1 L1 Arm B Lauf 1 -- Restzeit ca. 7 h 59 min zzgl. Umladen auf SF2
[2026-09-29 13:47:32] [trocken] arm_mongodb neu starten
[2026-09-29 13:47:32] [trocken] bench.py SF1 L1 Arm B Lauf 1
[2026-09-29 13:47:32] [7/150] SF1 L1 Arm B Lauf 2 -- Restzeit ca. 7 h 56 min zzgl. Umladen auf SF2
[2026-09-29 13:47:32] [trocken] bench.py SF1 L1 Arm B Lauf 2
[2026-09-29 13:47:32] [8/150] SF1 L1 Arm B Lauf 3 -- Restzeit ca. 7 h 53 min zzgl. Umladen auf SF2
[2026-09-29 13:47:32] [trocken] bench.py SF1 L1 Arm B Lauf 3
[2026-09-29 13:47:32] [9/150] SF1 L1 Arm B Lauf 4 -- Restzeit ca. 7 h 50 min zzgl. Umladen auf SF2
[2026-09-29 13:47:32] [trocken] bench.py SF1 L1 Arm B Lauf 4
[2026-09-29 13:47:32] [10/150] SF1 L1 Arm B Lauf 5 -- Restzeit ca. 7 h 46 min zzgl. Umladen auf SF2
[2026-09-29 13:47:32] [trocken] bench.py SF1 L1 Arm B Lauf 5
[2026-09-29 13:47:32] [11/150] SF1 L1 Arm C Lauf 1 -- Restzeit ca. 7 h 43 min zzgl. Umladen auf SF2
[2026-09-29 13:47:32] [trocken] arm_mongodb neu starten
[2026-09-29 13:47:32] [trocken] bench.py SF1 L1 Arm C Lauf 1
[2026-09-29 13:47:32] [12/150] SF1 L1 Arm C Lauf 2 -- Restzeit ca. 7 h 40 min zzgl. Umladen auf SF2
[2026-09-29 13:47:32] [trocken] bench.py SF1 L1 Arm C Lauf 2
[2026-09-29 13:47:32] [13/150] SF1 L1 Arm C Lauf 3 -- Restzeit ca. 7 h 37 min zzgl. Umladen auf SF2
[2026-09-29 13:47:32] [trocken] bench.py SF1 L1 Arm C Lauf 3
[2026-09-29 13:47:32] [14/150] SF1 L1 Arm C Lauf 4 -- Restzeit ca. 7 h 34 min zzgl. Umladen auf SF2
[2026-09-29 13:47:32] [trocken] bench.py SF1 L1 Arm C Lauf 4
[2026-09-29 13:47:32] [15/150] SF1 L1 Arm C Lauf 5 -- Restzeit ca. 7 h 31 min zzgl. Umladen auf SF2
[2026-09-29 13:47:32] [trocken] bench.py SF1 L1 Arm C Lauf 5
[2026-09-29 13:47:32] [16/150] SF1 L4-Q1 Arm A Lauf 1 -- Restzeit ca. 7 h 28 min zzgl. Umladen auf SF2
[2026-09-29 13:47:32] [trocken] arm_postgres neu starten
[2026-09-29 13:47:32] [trocken] bench.py SF1 L4-Q1 Arm A Lauf 1
[2026-09-29 13:47:32] [17/150] SF1 L4-Q1 Arm A Lauf 2 -- Restzeit ca. 7 h 24 min zzgl. Umladen auf SF2
[2026-09-29 13:47:32] [trocken] bench.py SF1 L4-Q1 Arm A Lauf 2
[2026-09-29 13:47:32] [18/150] SF1 L4-Q1 Arm A Lauf 3 -- Restzeit ca. 7 h 21 min zzgl. Umladen auf SF2
[2026-09-29 13:47:32] [trocken] bench.py SF1 L4-Q1 Arm A Lauf 3
[2026-09-29 13:47:32] [19/150] SF1 L4-Q1 Arm A Lauf 4 -- Restzeit ca. 7 h 18 min zzgl. Umladen auf SF2
[2026-09-29 13:47:32] [trocken] bench.py SF1 L4-Q1 Arm A Lauf 4
[2026-09-29 13:47:32] [20/150] SF1 L4-Q1 Arm A Lauf 5 -- Restzeit ca. 7 h 15 min zzgl. Umladen auf SF2
[2026-09-29 13:47:32] [trocken] bench.py SF1 L4-Q1 Arm A Lauf 5
[2026-09-29 13:47:32] [21/150] SF1 L4-Q2 Arm A Lauf 1 -- Restzeit ca. 7 h 12 min zzgl. Umladen auf SF2
[2026-09-29 13:47:32] [trocken] bench.py SF1 L4-Q2 Arm A Lauf 1
[2026-09-29 13:47:32] [22/150] SF1 L4-Q2 Arm A Lauf 2 -- Restzeit ca. 7 h 08 min zzgl. Umladen auf SF2
[2026-09-29 13:47:32] [trocken] bench.py SF1 L4-Q2 Arm A Lauf 2
[2026-09-29 13:47:32] [23/150] SF1 L4-Q2 Arm A Lauf 3 -- Restzeit ca. 7 h 05 min zzgl. Umladen auf SF2
[2026-09-29 13:47:32] [trocken] bench.py SF1 L4-Q2 Arm A Lauf 3
[2026-09-29 13:47:32] [24/150] SF1 L4-Q2 Arm A Lauf 4 -- Restzeit ca. 7 h 02 min zzgl. Umladen auf SF2
[2026-09-29 13:47:32] [trocken] bench.py SF1 L4-Q2 Arm A Lauf 4
[2026-09-29 13:47:32] [25/150] SF1 L4-Q2 Arm A Lauf 5 -- Restzeit ca. 6 h 59 min zzgl. Umladen auf SF2
[2026-09-29 13:47:32] [trocken] bench.py SF1 L4-Q2 Arm A Lauf 5
[2026-09-29 13:47:32] [26/150] SF1 L4-Q1 Arm B Lauf 1 -- Restzeit ca. 6 h 56 min zzgl. Umladen auf SF2
[2026-09-29 13:47:32] [trocken] arm_mongodb neu starten
[2026-09-29 13:47:32] [trocken] bench.py SF1 L4-Q1 Arm B Lauf 1
[2026-09-29 13:47:32] [27/150] SF1 L4-Q1 Arm B Lauf 2 -- Restzeit ca. 6 h 53 min zzgl. Umladen auf SF2
[2026-09-29 13:47:32] [trocken] bench.py SF1 L4-Q1 Arm B Lauf 2
[2026-09-29 13:47:32] [28/150] SF1 L4-Q1 Arm B Lauf 3 -- Restzeit ca. 6 h 50 min zzgl. Umladen auf SF2
[2026-09-29 13:47:32] [trocken] bench.py SF1 L4-Q1 Arm B Lauf 3
[2026-09-29 13:47:32] [29/150] SF1 L4-Q1 Arm B Lauf 4 -- Restzeit ca. 6 h 46 min zzgl. Umladen auf SF2
[2026-09-29 13:47:32] [trocken] bench.py SF1 L4-Q1 Arm B Lauf 4
[2026-09-29 13:47:32] [30/150] SF1 L4-Q1 Arm B Lauf 5 -- Restzeit ca. 6 h 43 min zzgl. Umladen auf SF2
[2026-09-29 13:47:32] [trocken] bench.py SF1 L4-Q1 Arm B Lauf 5
[2026-09-29 13:47:32] [31/150] SF1 L4-Q2 Arm B Lauf 1 -- Restzeit ca. 6 h 40 min zzgl. Umladen auf SF2
[2026-09-29 13:47:32] [trocken] bench.py SF1 L4-Q2 Arm B Lauf 1
[2026-09-29 13:47:32] [32/150] SF1 L4-Q2 Arm B Lauf 2 -- Restzeit ca. 6 h 37 min zzgl. Umladen auf SF2
[2026-09-29 13:47:32] [trocken] bench.py SF1 L4-Q2 Arm B Lauf 2
[2026-09-29 13:47:32] [33/150] SF1 L4-Q2 Arm B Lauf 3 -- Restzeit ca. 6 h 34 min zzgl. Umladen auf SF2
[2026-09-29 13:47:32] [trocken] bench.py SF1 L4-Q2 Arm B Lauf 3
[2026-09-29 13:47:32] [34/150] SF1 L4-Q2 Arm B Lauf 4 -- Restzeit ca. 6 h 30 min zzgl. Umladen auf SF2
[2026-09-29 13:47:32] [trocken] bench.py SF1 L4-Q2 Arm B Lauf 4
[2026-09-29 13:47:32] [35/150] SF1 L4-Q2 Arm B Lauf 5 -- Restzeit ca. 6 h 27 min zzgl. Umladen auf SF2
[2026-09-29 13:47:32] [trocken] bench.py SF1 L4-Q2 Arm B Lauf 5
[2026-09-29 13:47:32] [36/150] SF1 L4-Q1 Arm C Lauf 1 -- Restzeit ca. 6 h 24 min zzgl. Umladen auf SF2
[2026-09-29 13:47:32] [trocken] arm_mongodb neu starten
[2026-09-29 13:47:32] [trocken] bench.py SF1 L4-Q1 Arm C Lauf 1
[2026-09-29 13:47:32] [37/150] SF1 L4-Q1 Arm C Lauf 2 -- Restzeit ca. 6 h 21 min zzgl. Umladen auf SF2
[2026-09-29 13:47:32] [trocken] bench.py SF1 L4-Q1 Arm C Lauf 2
[2026-09-29 13:47:32] [38/150] SF1 L4-Q1 Arm C Lauf 3 -- Restzeit ca. 6 h 18 min zzgl. Umladen auf SF2
[2026-09-29 13:47:32] [trocken] bench.py SF1 L4-Q1 Arm C Lauf 3
[2026-09-29 13:47:32] [39/150] SF1 L4-Q1 Arm C Lauf 4 -- Restzeit ca. 6 h 15 min zzgl. Umladen auf SF2
[2026-09-29 13:47:32] [trocken] bench.py SF1 L4-Q1 Arm C Lauf 4
[2026-09-29 13:47:32] [40/150] SF1 L4-Q1 Arm C Lauf 5 -- Restzeit ca. 6 h 12 min zzgl. Umladen auf SF2
[2026-09-29 13:47:32] [trocken] bench.py SF1 L4-Q1 Arm C Lauf 5
[2026-09-29 13:47:32] [41/150] SF1 L4-Q2 Arm C Lauf 1 -- Restzeit ca. 6 h 08 min zzgl. Umladen auf SF2
[2026-09-29 13:47:32] [trocken] bench.py SF1 L4-Q2 Arm C Lauf 1
[2026-09-29 13:47:32] [42/150] SF1 L4-Q2 Arm C Lauf 2 -- Restzeit ca. 6 h 05 min zzgl. Umladen auf SF2
[2026-09-29 13:47:32] [trocken] bench.py SF1 L4-Q2 Arm C Lauf 2
[2026-09-29 13:47:32] [43/150] SF1 L4-Q2 Arm C Lauf 3 -- Restzeit ca. 6 h 02 min zzgl. Umladen auf SF2
[2026-09-29 13:47:32] [trocken] bench.py SF1 L4-Q2 Arm C Lauf 3
[2026-09-29 13:47:32] [44/150] SF1 L4-Q2 Arm C Lauf 4 -- Restzeit ca. 5 h 59 min zzgl. Umladen auf SF2
[2026-09-29 13:47:32] [trocken] bench.py SF1 L4-Q2 Arm C Lauf 4
[2026-09-29 13:47:32] [45/150] SF1 L4-Q2 Arm C Lauf 5 -- Restzeit ca. 5 h 56 min zzgl. Umladen auf SF2
[2026-09-29 13:47:32] [trocken] bench.py SF1 L4-Q2 Arm C Lauf 5
[2026-09-29 13:47:32] [46/150] SF1 L2 Arm A Lauf 1 -- Restzeit ca. 5 h 52 min zzgl. Umladen auf SF2
[2026-09-29 13:47:32] [trocken] Arm A aus Dump wiederherstellen, arm_postgres neu starten
[2026-09-29 13:47:32] [trocken] bench.py SF1 L2 Arm A Lauf 1
[2026-09-29 13:47:32] [47/150] SF1 L2 Arm A Lauf 2 -- Restzeit ca. 5 h 49 min zzgl. Umladen auf SF2
[2026-09-29 13:47:32] [trocken] Arm A aus Dump wiederherstellen, arm_postgres neu starten
[2026-09-29 13:47:32] [trocken] bench.py SF1 L2 Arm A Lauf 2
[2026-09-29 13:47:32] [48/150] SF1 L2 Arm A Lauf 3 -- Restzeit ca. 5 h 46 min zzgl. Umladen auf SF2
[2026-09-29 13:47:32] [trocken] Arm A aus Dump wiederherstellen, arm_postgres neu starten
[2026-09-29 13:47:32] [trocken] bench.py SF1 L2 Arm A Lauf 3
[2026-09-29 13:47:32] [49/150] SF1 L2 Arm A Lauf 4 -- Restzeit ca. 5 h 42 min zzgl. Umladen auf SF2
[2026-09-29 13:47:32] [trocken] Arm A aus Dump wiederherstellen, arm_postgres neu starten
[2026-09-29 13:47:32] [trocken] bench.py SF1 L2 Arm A Lauf 4
[2026-09-29 13:47:32] [50/150] SF1 L2 Arm A Lauf 5 -- Restzeit ca. 5 h 38 min zzgl. Umladen auf SF2
[2026-09-29 13:47:32] [trocken] Arm A aus Dump wiederherstellen, arm_postgres neu starten
[2026-09-29 13:47:32] [trocken] bench.py SF1 L2 Arm A Lauf 5
[2026-09-29 13:47:32] [51/150] SF1 L2 Arm B Lauf 1 -- Restzeit ca. 5 h 35 min zzgl. Umladen auf SF2
[2026-09-29 13:47:32] [trocken] Arm B aus Dump wiederherstellen, arm_mongodb neu starten
[2026-09-29 13:47:32] [trocken] bench.py SF1 L2 Arm B Lauf 1
[2026-09-29 13:47:32] [52/150] SF1 L2 Arm B Lauf 2 -- Restzeit ca. 5 h 32 min zzgl. Umladen auf SF2
[2026-09-29 13:47:32] [trocken] Arm B aus Dump wiederherstellen, arm_mongodb neu starten
[2026-09-29 13:47:32] [trocken] bench.py SF1 L2 Arm B Lauf 2
[2026-09-29 13:47:32] [53/150] SF1 L2 Arm B Lauf 3 -- Restzeit ca. 5 h 28 min zzgl. Umladen auf SF2
[2026-09-29 13:47:32] [trocken] Arm B aus Dump wiederherstellen, arm_mongodb neu starten
[2026-09-29 13:47:32] [trocken] bench.py SF1 L2 Arm B Lauf 3
[2026-09-29 13:47:32] [54/150] SF1 L2 Arm B Lauf 4 -- Restzeit ca. 5 h 24 min zzgl. Umladen auf SF2
[2026-09-29 13:47:32] [trocken] Arm B aus Dump wiederherstellen, arm_mongodb neu starten
[2026-09-29 13:47:32] [trocken] bench.py SF1 L2 Arm B Lauf 4
[2026-09-29 13:47:32] [55/150] SF1 L2 Arm B Lauf 5 -- Restzeit ca. 5 h 21 min zzgl. Umladen auf SF2
[2026-09-29 13:47:32] [trocken] Arm B aus Dump wiederherstellen, arm_mongodb neu starten
[2026-09-29 13:47:32] [trocken] bench.py SF1 L2 Arm B Lauf 5
[2026-09-29 13:47:32] [56/150] SF1 L2 Arm C Lauf 1 -- Restzeit ca. 5 h 18 min zzgl. Umladen auf SF2
[2026-09-29 13:47:32] [trocken] Arm C aus Dump wiederherstellen, arm_mongodb neu starten
[2026-09-29 13:47:32] [trocken] bench.py SF1 L2 Arm C Lauf 1
[2026-09-29 13:47:32] [57/150] SF1 L2 Arm C Lauf 2 -- Restzeit ca. 5 h 14 min zzgl. Umladen auf SF2
[2026-09-29 13:47:32] [trocken] Arm C aus Dump wiederherstellen, arm_mongodb neu starten
[2026-09-29 13:47:32] [trocken] bench.py SF1 L2 Arm C Lauf 2
[2026-09-29 13:47:32] [58/150] SF1 L2 Arm C Lauf 3 -- Restzeit ca. 5 h 10 min zzgl. Umladen auf SF2
[2026-09-29 13:47:32] [trocken] Arm C aus Dump wiederherstellen, arm_mongodb neu starten
[2026-09-29 13:47:32] [trocken] bench.py SF1 L2 Arm C Lauf 3
[2026-09-29 13:47:32] [59/150] SF1 L2 Arm C Lauf 4 -- Restzeit ca. 5 h 07 min zzgl. Umladen auf SF2
[2026-09-29 13:47:32] [trocken] Arm C aus Dump wiederherstellen, arm_mongodb neu starten
[2026-09-29 13:47:32] [trocken] bench.py SF1 L2 Arm C Lauf 4
[2026-09-29 13:47:32] [60/150] SF1 L2 Arm C Lauf 5 -- Restzeit ca. 5 h 04 min zzgl. Umladen auf SF2
[2026-09-29 13:47:32] [trocken] Arm C aus Dump wiederherstellen, arm_mongodb neu starten
[2026-09-29 13:47:32] [trocken] bench.py SF1 L2 Arm C Lauf 5
[2026-09-29 13:47:32] [61/150] SF1 L3 Arm A Fan-out 10 Lauf 1 -- Restzeit ca. 5 h 00 min zzgl. Umladen auf SF2
[2026-09-29 13:47:32] [trocken] Arm A aus Dump wiederherstellen, arm_postgres neu starten
[2026-09-29 13:47:32] [trocken] bench.py SF1 L3 Arm A Fan-out 10 Lauf 1
[2026-09-29 13:47:32] [62/150] SF1 L3 Arm A Fan-out 10 Lauf 2 -- Restzeit ca. 4 h 56 min zzgl. Umladen auf SF2
[2026-09-29 13:47:32] [trocken] Arm A aus Dump wiederherstellen, arm_postgres neu starten
[2026-09-29 13:47:32] [trocken] bench.py SF1 L3 Arm A Fan-out 10 Lauf 2
[2026-09-29 13:47:32] [63/150] SF1 L3 Arm A Fan-out 10 Lauf 3 -- Restzeit ca. 4 h 53 min zzgl. Umladen auf SF2
[2026-09-29 13:47:32] [trocken] Arm A aus Dump wiederherstellen, arm_postgres neu starten
[2026-09-29 13:47:32] [trocken] bench.py SF1 L3 Arm A Fan-out 10 Lauf 3
[2026-09-29 13:47:32] [64/150] SF1 L3 Arm A Fan-out 10 Lauf 4 -- Restzeit ca. 4 h 50 min zzgl. Umladen auf SF2
[2026-09-29 13:47:32] [trocken] Arm A aus Dump wiederherstellen, arm_postgres neu starten
[2026-09-29 13:47:32] [trocken] bench.py SF1 L3 Arm A Fan-out 10 Lauf 4
[2026-09-29 13:47:32] [65/150] SF1 L3 Arm A Fan-out 10 Lauf 5 -- Restzeit ca. 4 h 46 min zzgl. Umladen auf SF2
[2026-09-29 13:47:32] [trocken] Arm A aus Dump wiederherstellen, arm_postgres neu starten
[2026-09-29 13:47:32] [trocken] bench.py SF1 L3 Arm A Fan-out 10 Lauf 5
[2026-09-29 13:47:32] [66/150] SF1 L3 Arm A Fan-out 100 Lauf 1 -- Restzeit ca. 4 h 42 min zzgl. Umladen auf SF2
[2026-09-29 13:47:32] [trocken] Arm A aus Dump wiederherstellen, arm_postgres neu starten
[2026-09-29 13:47:32] [trocken] bench.py SF1 L3 Arm A Fan-out 100 Lauf 1
[2026-09-29 13:47:32] [67/150] SF1 L3 Arm A Fan-out 100 Lauf 2 -- Restzeit ca. 4 h 39 min zzgl. Umladen auf SF2
[2026-09-29 13:47:32] [trocken] Arm A aus Dump wiederherstellen, arm_postgres neu starten
[2026-09-29 13:47:32] [trocken] bench.py SF1 L3 Arm A Fan-out 100 Lauf 2
[2026-09-29 13:47:32] [68/150] SF1 L3 Arm A Fan-out 100 Lauf 3 -- Restzeit ca. 4 h 36 min zzgl. Umladen auf SF2
[2026-09-29 13:47:32] [trocken] Arm A aus Dump wiederherstellen, arm_postgres neu starten
[2026-09-29 13:47:32] [trocken] bench.py SF1 L3 Arm A Fan-out 100 Lauf 3
[2026-09-29 13:47:32] [69/150] SF1 L3 Arm A Fan-out 100 Lauf 4 -- Restzeit ca. 4 h 32 min zzgl. Umladen auf SF2
[2026-09-29 13:47:32] [trocken] Arm A aus Dump wiederherstellen, arm_postgres neu starten
[2026-09-29 13:47:32] [trocken] bench.py SF1 L3 Arm A Fan-out 100 Lauf 4
[2026-09-29 13:47:32] [70/150] SF1 L3 Arm A Fan-out 100 Lauf 5 -- Restzeit ca. 4 h 28 min zzgl. Umladen auf SF2
[2026-09-29 13:47:32] [trocken] Arm A aus Dump wiederherstellen, arm_postgres neu starten
[2026-09-29 13:47:32] [trocken] bench.py SF1 L3 Arm A Fan-out 100 Lauf 5
[2026-09-29 13:47:32] [71/150] SF1 L3 Arm A Fan-out 1000 Lauf 1 -- Restzeit ca. 4 h 25 min zzgl. Umladen auf SF2
[2026-09-29 13:47:32] [trocken] Arm A aus Dump wiederherstellen, arm_postgres neu starten
[2026-09-29 13:47:32] [trocken] bench.py SF1 L3 Arm A Fan-out 1000 Lauf 1
[2026-09-29 13:47:32] [72/150] SF1 L3 Arm A Fan-out 1000 Lauf 2 -- Restzeit ca. 4 h 22 min zzgl. Umladen auf SF2
[2026-09-29 13:47:32] [trocken] Arm A aus Dump wiederherstellen, arm_postgres neu starten
[2026-09-29 13:47:32] [trocken] bench.py SF1 L3 Arm A Fan-out 1000 Lauf 2
[2026-09-29 13:47:32] [73/150] SF1 L3 Arm A Fan-out 1000 Lauf 3 -- Restzeit ca. 4 h 18 min zzgl. Umladen auf SF2
[2026-09-29 13:47:32] [trocken] Arm A aus Dump wiederherstellen, arm_postgres neu starten
[2026-09-29 13:47:32] [trocken] bench.py SF1 L3 Arm A Fan-out 1000 Lauf 3
[2026-09-29 13:47:32] [74/150] SF1 L3 Arm A Fan-out 1000 Lauf 4 -- Restzeit ca. 4 h 14 min zzgl. Umladen auf SF2
[2026-09-29 13:47:32] [trocken] Arm A aus Dump wiederherstellen, arm_postgres neu starten
[2026-09-29 13:47:32] [trocken] bench.py SF1 L3 Arm A Fan-out 1000 Lauf 4
[2026-09-29 13:47:32] [75/150] SF1 L3 Arm A Fan-out 1000 Lauf 5 -- Restzeit ca. 4 h 11 min zzgl. Umladen auf SF2
[2026-09-29 13:47:32] [trocken] Arm A aus Dump wiederherstellen, arm_postgres neu starten
[2026-09-29 13:47:32] [trocken] bench.py SF1 L3 Arm A Fan-out 1000 Lauf 5
[2026-09-29 13:47:32] [76/150] SF1 L3 Arm B Fan-out 10 Lauf 1 -- Restzeit ca. 4 h 08 min zzgl. Umladen auf SF2
[2026-09-29 13:47:32] [trocken] Arm B aus Dump wiederherstellen, arm_mongodb neu starten
[2026-09-29 13:47:32] [trocken] bench.py SF1 L3 Arm B Fan-out 10 Lauf 1
[2026-09-29 13:47:32] [77/150] SF1 L3 Arm B Fan-out 10 Lauf 2 -- Restzeit ca. 4 h 04 min zzgl. Umladen auf SF2
[2026-09-29 13:47:32] [trocken] Arm B aus Dump wiederherstellen, arm_mongodb neu starten
[2026-09-29 13:47:32] [trocken] bench.py SF1 L3 Arm B Fan-out 10 Lauf 2
[2026-09-29 13:47:32] [78/150] SF1 L3 Arm B Fan-out 10 Lauf 3 -- Restzeit ca. 4 h 00 min zzgl. Umladen auf SF2
[2026-09-29 13:47:32] [trocken] Arm B aus Dump wiederherstellen, arm_mongodb neu starten
[2026-09-29 13:47:32] [trocken] bench.py SF1 L3 Arm B Fan-out 10 Lauf 3
[2026-09-29 13:47:32] [79/150] SF1 L3 Arm B Fan-out 10 Lauf 4 -- Restzeit ca. 3 h 57 min zzgl. Umladen auf SF2
[2026-09-29 13:47:32] [trocken] Arm B aus Dump wiederherstellen, arm_mongodb neu starten
[2026-09-29 13:47:32] [trocken] bench.py SF1 L3 Arm B Fan-out 10 Lauf 4
[2026-09-29 13:47:32] [80/150] SF1 L3 Arm B Fan-out 10 Lauf 5 -- Restzeit ca. 3 h 54 min zzgl. Umladen auf SF2
[2026-09-29 13:47:32] [trocken] Arm B aus Dump wiederherstellen, arm_mongodb neu starten
[2026-09-29 13:47:32] [trocken] bench.py SF1 L3 Arm B Fan-out 10 Lauf 5
[2026-09-29 13:47:32] [81/150] SF1 L3 Arm B Fan-out 100 Lauf 1 -- Restzeit ca. 3 h 50 min zzgl. Umladen auf SF2
[2026-09-29 13:47:32] [trocken] Arm B aus Dump wiederherstellen, arm_mongodb neu starten
[2026-09-29 13:47:32] [trocken] bench.py SF1 L3 Arm B Fan-out 100 Lauf 1
[2026-09-29 13:47:32] [82/150] SF1 L3 Arm B Fan-out 100 Lauf 2 -- Restzeit ca. 3 h 46 min zzgl. Umladen auf SF2
[2026-09-29 13:47:32] [trocken] Arm B aus Dump wiederherstellen, arm_mongodb neu starten
[2026-09-29 13:47:32] [trocken] bench.py SF1 L3 Arm B Fan-out 100 Lauf 2
[2026-09-29 13:47:32] [83/150] SF1 L3 Arm B Fan-out 100 Lauf 3 -- Restzeit ca. 3 h 43 min zzgl. Umladen auf SF2
[2026-09-29 13:47:32] [trocken] Arm B aus Dump wiederherstellen, arm_mongodb neu starten
[2026-09-29 13:47:32] [trocken] bench.py SF1 L3 Arm B Fan-out 100 Lauf 3
[2026-09-29 13:47:32] [84/150] SF1 L3 Arm B Fan-out 100 Lauf 4 -- Restzeit ca. 3 h 40 min zzgl. Umladen auf SF2
[2026-09-29 13:47:32] [trocken] Arm B aus Dump wiederherstellen, arm_mongodb neu starten
[2026-09-29 13:47:32] [trocken] bench.py SF1 L3 Arm B Fan-out 100 Lauf 4
[2026-09-29 13:47:32] [85/150] SF1 L3 Arm B Fan-out 100 Lauf 5 -- Restzeit ca. 3 h 36 min zzgl. Umladen auf SF2
[2026-09-29 13:47:32] [trocken] Arm B aus Dump wiederherstellen, arm_mongodb neu starten
[2026-09-29 13:47:32] [trocken] bench.py SF1 L3 Arm B Fan-out 100 Lauf 5
[2026-09-29 13:47:32] [86/150] SF1 L3 Arm B Fan-out 1000 Lauf 1 -- Restzeit ca. 3 h 32 min zzgl. Umladen auf SF2
[2026-09-29 13:47:32] [trocken] Arm B aus Dump wiederherstellen, arm_mongodb neu starten
[2026-09-29 13:47:32] [trocken] bench.py SF1 L3 Arm B Fan-out 1000 Lauf 1
[2026-09-29 13:47:32] [87/150] SF1 L3 Arm B Fan-out 1000 Lauf 2 -- Restzeit ca. 3 h 29 min zzgl. Umladen auf SF2
[2026-09-29 13:47:32] [trocken] Arm B aus Dump wiederherstellen, arm_mongodb neu starten
[2026-09-29 13:47:32] [trocken] bench.py SF1 L3 Arm B Fan-out 1000 Lauf 2
[2026-09-29 13:47:32] [88/150] SF1 L3 Arm B Fan-out 1000 Lauf 3 -- Restzeit ca. 3 h 26 min zzgl. Umladen auf SF2
[2026-09-29 13:47:32] [trocken] Arm B aus Dump wiederherstellen, arm_mongodb neu starten
[2026-09-29 13:47:32] [trocken] bench.py SF1 L3 Arm B Fan-out 1000 Lauf 3
[2026-09-29 13:47:32] [89/150] SF1 L3 Arm B Fan-out 1000 Lauf 4 -- Restzeit ca. 3 h 22 min zzgl. Umladen auf SF2
[2026-09-29 13:47:32] [trocken] Arm B aus Dump wiederherstellen, arm_mongodb neu starten
[2026-09-29 13:47:32] [trocken] bench.py SF1 L3 Arm B Fan-out 1000 Lauf 4
[2026-09-29 13:47:32] [90/150] SF1 L3 Arm B Fan-out 1000 Lauf 5 -- Restzeit ca. 3 h 18 min zzgl. Umladen auf SF2
[2026-09-29 13:47:32] [trocken] Arm B aus Dump wiederherstellen, arm_mongodb neu starten
[2026-09-29 13:47:32] [trocken] bench.py SF1 L3 Arm B Fan-out 1000 Lauf 5
[2026-09-29 13:47:32] [91/150] SF1 L3 Arm C Fan-out 10 Lauf 1 -- Restzeit ca. 3 h 15 min zzgl. Umladen auf SF2
[2026-09-29 13:47:32] [trocken] Arm C aus Dump wiederherstellen, arm_mongodb neu starten
[2026-09-29 13:47:32] [trocken] bench.py SF1 L3 Arm C Fan-out 10 Lauf 1
[2026-09-29 13:47:32] [92/150] SF1 L3 Arm C Fan-out 10 Lauf 2 -- Restzeit ca. 3 h 12 min zzgl. Umladen auf SF2
[2026-09-29 13:47:32] [trocken] Arm C aus Dump wiederherstellen, arm_mongodb neu starten
[2026-09-29 13:47:32] [trocken] bench.py SF1 L3 Arm C Fan-out 10 Lauf 2
[2026-09-29 13:47:32] [93/150] SF1 L3 Arm C Fan-out 10 Lauf 3 -- Restzeit ca. 3 h 08 min zzgl. Umladen auf SF2
[2026-09-29 13:47:32] [trocken] Arm C aus Dump wiederherstellen, arm_mongodb neu starten
[2026-09-29 13:47:32] [trocken] bench.py SF1 L3 Arm C Fan-out 10 Lauf 3
[2026-09-29 13:47:32] [94/150] SF1 L3 Arm C Fan-out 10 Lauf 4 -- Restzeit ca. 3 h 04 min zzgl. Umladen auf SF2
[2026-09-29 13:47:32] [trocken] Arm C aus Dump wiederherstellen, arm_mongodb neu starten
[2026-09-29 13:47:32] [trocken] bench.py SF1 L3 Arm C Fan-out 10 Lauf 4
[2026-09-29 13:47:32] [95/150] SF1 L3 Arm C Fan-out 10 Lauf 5 -- Restzeit ca. 3 h 01 min zzgl. Umladen auf SF2
[2026-09-29 13:47:32] [trocken] Arm C aus Dump wiederherstellen, arm_mongodb neu starten
[2026-09-29 13:47:32] [trocken] bench.py SF1 L3 Arm C Fan-out 10 Lauf 5
[2026-09-29 13:47:32] [96/150] SF1 L3 Arm C Fan-out 100 Lauf 1 -- Restzeit ca. 2 h 58 min zzgl. Umladen auf SF2
[2026-09-29 13:47:32] [trocken] Arm C aus Dump wiederherstellen, arm_mongodb neu starten
[2026-09-29 13:47:32] [trocken] bench.py SF1 L3 Arm C Fan-out 100 Lauf 1
[2026-09-29 13:47:32] [97/150] SF1 L3 Arm C Fan-out 100 Lauf 2 -- Restzeit ca. 2 h 54 min zzgl. Umladen auf SF2
[2026-09-29 13:47:32] [trocken] Arm C aus Dump wiederherstellen, arm_mongodb neu starten
[2026-09-29 13:47:32] [trocken] bench.py SF1 L3 Arm C Fan-out 100 Lauf 2
[2026-09-29 13:47:32] [98/150] SF1 L3 Arm C Fan-out 100 Lauf 3 -- Restzeit ca. 2 h 50 min zzgl. Umladen auf SF2
[2026-09-29 13:47:32] [trocken] Arm C aus Dump wiederherstellen, arm_mongodb neu starten
[2026-09-29 13:47:32] [trocken] bench.py SF1 L3 Arm C Fan-out 100 Lauf 3
[2026-09-29 13:47:32] [99/150] SF1 L3 Arm C Fan-out 100 Lauf 4 -- Restzeit ca. 2 h 47 min zzgl. Umladen auf SF2
[2026-09-29 13:47:32] [trocken] Arm C aus Dump wiederherstellen, arm_mongodb neu starten
[2026-09-29 13:47:32] [trocken] bench.py SF1 L3 Arm C Fan-out 100 Lauf 4
[2026-09-29 13:47:32] [100/150] SF1 L3 Arm C Fan-out 100 Lauf 5 -- Restzeit ca. 2 h 44 min zzgl. Umladen auf SF2
[2026-09-29 13:47:32] [trocken] Arm C aus Dump wiederherstellen, arm_mongodb neu starten
[2026-09-29 13:47:32] [trocken] bench.py SF1 L3 Arm C Fan-out 100 Lauf 5
[2026-09-29 13:47:32] [101/150] SF1 L3 Arm C Fan-out 1000 Lauf 1 -- Restzeit ca. 2 h 40 min zzgl. Umladen auf SF2
[2026-09-29 13:47:32] [trocken] Arm C aus Dump wiederherstellen, arm_mongodb neu starten
[2026-09-29 13:47:32] [trocken] bench.py SF1 L3 Arm C Fan-out 1000 Lauf 1
[2026-09-29 13:47:32] [102/150] SF1 L3 Arm C Fan-out 1000 Lauf 2 -- Restzeit ca. 2 h 36 min zzgl. Umladen auf SF2
[2026-09-29 13:47:32] [trocken] Arm C aus Dump wiederherstellen, arm_mongodb neu starten
[2026-09-29 13:47:32] [trocken] bench.py SF1 L3 Arm C Fan-out 1000 Lauf 2
[2026-09-29 13:47:32] [103/150] SF1 L3 Arm C Fan-out 1000 Lauf 3 -- Restzeit ca. 2 h 33 min zzgl. Umladen auf SF2
[2026-09-29 13:47:32] [trocken] Arm C aus Dump wiederherstellen, arm_mongodb neu starten
[2026-09-29 13:47:32] [trocken] bench.py SF1 L3 Arm C Fan-out 1000 Lauf 3
[2026-09-29 13:47:32] [104/150] SF1 L3 Arm C Fan-out 1000 Lauf 4 -- Restzeit ca. 2 h 30 min zzgl. Umladen auf SF2
[2026-09-29 13:47:32] [trocken] Arm C aus Dump wiederherstellen, arm_mongodb neu starten
[2026-09-29 13:47:32] [trocken] bench.py SF1 L3 Arm C Fan-out 1000 Lauf 4
[2026-09-29 13:47:32] [105/150] SF1 L3 Arm C Fan-out 1000 Lauf 5 -- Restzeit ca. 2 h 26 min zzgl. Umladen auf SF2
[2026-09-29 13:47:32] [trocken] Arm C aus Dump wiederherstellen, arm_mongodb neu starten
[2026-09-29 13:47:32] [trocken] bench.py SF1 L3 Arm C Fan-out 1000 Lauf 5
[2026-09-29 13:47:32] [trocken] abschliessend veraenderte Arme aus dem Dump wiederherstellen
[2026-09-29 13:47:32] ------------------------------------------------------------------------
[2026-09-29 13:47:32] Block SF2: 45 offene Laeufe
[2026-09-29 13:47:32] [trocken] pruefen, ob SF2 geladen ist, sonst umladen
[2026-09-29 13:47:32] [106/150] SF2 L1 Arm A Lauf 1 -- Restzeit ca. 2 h 22 min
[2026-09-29 13:47:32] [trocken] arm_postgres neu starten
[2026-09-29 13:47:32] [trocken] bench.py SF2 L1 Arm A Lauf 1
[2026-09-29 13:47:32] [107/150] SF2 L1 Arm A Lauf 2 -- Restzeit ca. 2 h 19 min
[2026-09-29 13:47:32] [trocken] bench.py SF2 L1 Arm A Lauf 2
[2026-09-29 13:47:32] [108/150] SF2 L1 Arm A Lauf 3 -- Restzeit ca. 2 h 16 min
[2026-09-29 13:47:32] [trocken] bench.py SF2 L1 Arm A Lauf 3
[2026-09-29 13:47:32] [109/150] SF2 L1 Arm A Lauf 4 -- Restzeit ca. 2 h 13 min
[2026-09-29 13:47:32] [trocken] bench.py SF2 L1 Arm A Lauf 4
[2026-09-29 13:47:32] [110/150] SF2 L1 Arm A Lauf 5 -- Restzeit ca. 2 h 10 min
[2026-09-29 13:47:32] [trocken] bench.py SF2 L1 Arm A Lauf 5
[2026-09-29 13:47:32] [111/150] SF2 L1 Arm B Lauf 1 -- Restzeit ca. 2 h 07 min
[2026-09-29 13:47:32] [trocken] arm_mongodb neu starten
[2026-09-29 13:47:32] [trocken] bench.py SF2 L1 Arm B Lauf 1
[2026-09-29 13:47:32] [112/150] SF2 L1 Arm B Lauf 2 -- Restzeit ca. 2 h 04 min
[2026-09-29 13:47:32] [trocken] bench.py SF2 L1 Arm B Lauf 2
[2026-09-29 13:47:32] [113/150] SF2 L1 Arm B Lauf 3 -- Restzeit ca. 2 h 00 min
[2026-09-29 13:47:32] [trocken] bench.py SF2 L1 Arm B Lauf 3
[2026-09-29 13:47:32] [114/150] SF2 L1 Arm B Lauf 4 -- Restzeit ca. 1 h 57 min
[2026-09-29 13:47:32] [trocken] bench.py SF2 L1 Arm B Lauf 4
[2026-09-29 13:47:32] [115/150] SF2 L1 Arm B Lauf 5 -- Restzeit ca. 1 h 54 min
[2026-09-29 13:47:32] [trocken] bench.py SF2 L1 Arm B Lauf 5
[2026-09-29 13:47:32] [116/150] SF2 L1 Arm C Lauf 1 -- Restzeit ca. 1 h 51 min
[2026-09-29 13:47:32] [trocken] arm_mongodb neu starten
[2026-09-29 13:47:32] [trocken] bench.py SF2 L1 Arm C Lauf 1
[2026-09-29 13:47:32] [117/150] SF2 L1 Arm C Lauf 2 -- Restzeit ca. 1 h 48 min
[2026-09-29 13:47:32] [trocken] bench.py SF2 L1 Arm C Lauf 2
[2026-09-29 13:47:32] [118/150] SF2 L1 Arm C Lauf 3 -- Restzeit ca. 1 h 44 min
[2026-09-29 13:47:32] [trocken] bench.py SF2 L1 Arm C Lauf 3
[2026-09-29 13:47:32] [119/150] SF2 L1 Arm C Lauf 4 -- Restzeit ca. 1 h 41 min
[2026-09-29 13:47:32] [trocken] bench.py SF2 L1 Arm C Lauf 4
[2026-09-29 13:47:32] [120/150] SF2 L1 Arm C Lauf 5 -- Restzeit ca. 1 h 38 min
[2026-09-29 13:47:32] [trocken] bench.py SF2 L1 Arm C Lauf 5
[2026-09-29 13:47:32] [121/150] SF2 L4-Q1 Arm A Lauf 1 -- Restzeit ca. 1 h 35 min
[2026-09-29 13:47:32] [trocken] arm_postgres neu starten
[2026-09-29 13:47:32] [trocken] bench.py SF2 L4-Q1 Arm A Lauf 1
[2026-09-29 13:47:32] [122/150] SF2 L4-Q1 Arm A Lauf 2 -- Restzeit ca. 1 h 32 min
[2026-09-29 13:47:32] [trocken] bench.py SF2 L4-Q1 Arm A Lauf 2
[2026-09-29 13:47:32] [123/150] SF2 L4-Q1 Arm A Lauf 3 -- Restzeit ca. 1 h 29 min
[2026-09-29 13:47:32] [trocken] bench.py SF2 L4-Q1 Arm A Lauf 3
[2026-09-29 13:47:32] [124/150] SF2 L4-Q1 Arm A Lauf 4 -- Restzeit ca. 1 h 26 min
[2026-09-29 13:47:32] [trocken] bench.py SF2 L4-Q1 Arm A Lauf 4
[2026-09-29 13:47:32] [125/150] SF2 L4-Q1 Arm A Lauf 5 -- Restzeit ca. 1 h 22 min
[2026-09-29 13:47:32] [trocken] bench.py SF2 L4-Q1 Arm A Lauf 5
[2026-09-29 13:47:32] [126/150] SF2 L4-Q2 Arm A Lauf 1 -- Restzeit ca. 1 h 19 min
[2026-09-29 13:47:32] [trocken] bench.py SF2 L4-Q2 Arm A Lauf 1
[2026-09-29 13:47:32] [127/150] SF2 L4-Q2 Arm A Lauf 2 -- Restzeit ca. 1 h 16 min
[2026-09-29 13:47:32] [trocken] bench.py SF2 L4-Q2 Arm A Lauf 2
[2026-09-29 13:47:32] [128/150] SF2 L4-Q2 Arm A Lauf 3 -- Restzeit ca. 1 h 13 min
[2026-09-29 13:47:32] [trocken] bench.py SF2 L4-Q2 Arm A Lauf 3
[2026-09-29 13:47:32] [129/150] SF2 L4-Q2 Arm A Lauf 4 -- Restzeit ca. 1 h 10 min
[2026-09-29 13:47:32] [trocken] bench.py SF2 L4-Q2 Arm A Lauf 4
[2026-09-29 13:47:32] [130/150] SF2 L4-Q2 Arm A Lauf 5 -- Restzeit ca. 1 h 06 min
[2026-09-29 13:47:32] [trocken] bench.py SF2 L4-Q2 Arm A Lauf 5
[2026-09-29 13:47:32] [131/150] SF2 L4-Q1 Arm B Lauf 1 -- Restzeit ca. 1 h 03 min
[2026-09-29 13:47:32] [trocken] arm_mongodb neu starten
[2026-09-29 13:47:32] [trocken] bench.py SF2 L4-Q1 Arm B Lauf 1
[2026-09-29 13:47:32] [132/150] SF2 L4-Q1 Arm B Lauf 2 -- Restzeit ca. 1 h 00 min
[2026-09-29 13:47:32] [trocken] bench.py SF2 L4-Q1 Arm B Lauf 2
[2026-09-29 13:47:32] [133/150] SF2 L4-Q1 Arm B Lauf 3 -- Restzeit ca. 0 h 57 min
[2026-09-29 13:47:32] [trocken] bench.py SF2 L4-Q1 Arm B Lauf 3
[2026-09-29 13:47:32] [134/150] SF2 L4-Q1 Arm B Lauf 4 -- Restzeit ca. 0 h 54 min
[2026-09-29 13:47:32] [trocken] bench.py SF2 L4-Q1 Arm B Lauf 4
[2026-09-29 13:47:32] [135/150] SF2 L4-Q1 Arm B Lauf 5 -- Restzeit ca. 0 h 51 min
[2026-09-29 13:47:32] [trocken] bench.py SF2 L4-Q1 Arm B Lauf 5
[2026-09-29 13:47:32] [136/150] SF2 L4-Q2 Arm B Lauf 1 -- Restzeit ca. 0 h 48 min
[2026-09-29 13:47:32] [trocken] bench.py SF2 L4-Q2 Arm B Lauf 1
[2026-09-29 13:47:32] [137/150] SF2 L4-Q2 Arm B Lauf 2 -- Restzeit ca. 0 h 44 min
[2026-09-29 13:47:32] [trocken] bench.py SF2 L4-Q2 Arm B Lauf 2
[2026-09-29 13:47:32] [138/150] SF2 L4-Q2 Arm B Lauf 3 -- Restzeit ca. 0 h 41 min
[2026-09-29 13:47:32] [trocken] bench.py SF2 L4-Q2 Arm B Lauf 3
[2026-09-29 13:47:32] [139/150] SF2 L4-Q2 Arm B Lauf 4 -- Restzeit ca. 0 h 38 min
[2026-09-29 13:47:32] [trocken] bench.py SF2 L4-Q2 Arm B Lauf 4
[2026-09-29 13:47:32] [140/150] SF2 L4-Q2 Arm B Lauf 5 -- Restzeit ca. 0 h 35 min
[2026-09-29 13:47:32] [trocken] bench.py SF2 L4-Q2 Arm B Lauf 5
[2026-09-29 13:47:32] [141/150] SF2 L4-Q1 Arm C Lauf 1 -- Restzeit ca. 0 h 32 min
[2026-09-29 13:47:32] [trocken] arm_mongodb neu starten
[2026-09-29 13:47:32] [trocken] bench.py SF2 L4-Q1 Arm C Lauf 1
[2026-09-29 13:47:32] [142/150] SF2 L4-Q1 Arm C Lauf 2 -- Restzeit ca. 0 h 28 min
[2026-09-29 13:47:32] [trocken] bench.py SF2 L4-Q1 Arm C Lauf 2
[2026-09-29 13:47:32] [143/150] SF2 L4-Q1 Arm C Lauf 3 -- Restzeit ca. 0 h 25 min
[2026-09-29 13:47:32] [trocken] bench.py SF2 L4-Q1 Arm C Lauf 3
[2026-09-29 13:47:32] [144/150] SF2 L4-Q1 Arm C Lauf 4 -- Restzeit ca. 0 h 22 min
[2026-09-29 13:47:32] [trocken] bench.py SF2 L4-Q1 Arm C Lauf 4
[2026-09-29 13:47:32] [145/150] SF2 L4-Q1 Arm C Lauf 5 -- Restzeit ca. 0 h 19 min
[2026-09-29 13:47:32] [trocken] bench.py SF2 L4-Q1 Arm C Lauf 5
[2026-09-29 13:47:32] [146/150] SF2 L4-Q2 Arm C Lauf 1 -- Restzeit ca. 0 h 16 min
[2026-09-29 13:47:32] [trocken] bench.py SF2 L4-Q2 Arm C Lauf 1
[2026-09-29 13:47:32] [147/150] SF2 L4-Q2 Arm C Lauf 2 -- Restzeit ca. 0 h 13 min
[2026-09-29 13:47:32] [trocken] bench.py SF2 L4-Q2 Arm C Lauf 2
[2026-09-29 13:47:32] [148/150] SF2 L4-Q2 Arm C Lauf 3 -- Restzeit ca. 0 h 10 min
[2026-09-29 13:47:32] [trocken] bench.py SF2 L4-Q2 Arm C Lauf 3
[2026-09-29 13:47:32] [149/150] SF2 L4-Q2 Arm C Lauf 4 -- Restzeit ca. 0 h 06 min
[2026-09-29 13:47:32] [trocken] bench.py SF2 L4-Q2 Arm C Lauf 4
[2026-09-29 13:47:32] [150/150] SF2 L4-Q2 Arm C Lauf 5 -- Restzeit ca. 0 h 03 min
[2026-09-29 13:47:32] [trocken] bench.py SF2 L4-Q2 Arm C Lauf 5
[2026-09-29 13:47:32] ========================================================================
[2026-09-29 13:47:32] Zusammenfassung: 150 von 150 offenen Laeufen bearbeitet in 0 h 00 min.
[2026-09-29 13:47:32] Keine Fehler.
[2026-09-29 13:59:11] ========================================================================
[2026-09-29 13:59:11] run_all.py gestartet: --probe --ohne-sf2
[2026-09-29 13:59:11] Modus: PROBE; 10 s aufwaermen, 20 s messen, 4 Clients, Laufnummern [50]
[2026-09-29 13:59:11] Plan: 21 Laeufe, davon 0 bereits in messungen.csv, 21 offen.
[2026-09-29 13:59:11] WARNUNG: Fremdlast 98.8 % CPU: Adobe Desktop Service
[2026-09-29 13:59:11] WARNUNG: Fremdlast 43.6 % CPU: Python
[2026-09-29 13:59:11] ------------------------------------------------------------------------
[2026-09-29 13:59:11] Block SF1: 21 offene Laeufe
[2026-09-29 13:59:11] Pruefe, welche Datenmenge geladen ist ...
[2026-09-29 13:59:12]   geladen: SF1
[2026-09-29 13:59:12] Pruefe Bestand (Anzahlen, Anschriften) ...
[2026-09-29 13:59:14]   Arm A: sauber
[2026-09-29 13:59:14]   Arm B: sauber
[2026-09-29 13:59:14]   Arm C: sauber
[2026-09-29 13:59:14] Erzeuge Dumps im Container ...
[2026-09-29 13:59:25]   Dumps fertig in 10.9 s.
[2026-09-29 13:59:25] Pruefe das Wiederherstellen aus den Dumps ...
[2026-09-29 13:59:29]   Arm A zurueckgesetzt (4.0 s).
[2026-09-29 13:59:52]   Arm B zurueckgesetzt (22.9 s).
[2026-09-29 13:59:58]   Arm C zurueckgesetzt (6.0 s).
[2026-09-29 14:00:00]   Arm A: sauber
[2026-09-29 14:00:00]   Arm B: sauber
[2026-09-29 14:00:00]   Arm C: sauber
[2026-09-29 14:00:01]   Wiederherstellen funktioniert, Anzahlen und Indizes stimmen.
[2026-09-29 14:00:01] [1/21] SF1 L1 Arm A Lauf 50 -- Restzeit ca. 0 h 16 min
[2026-09-29 14:00:01]   Container arm_postgres neu gestartet (0.6 s).
[2026-09-29 14:00:31]   -> Durchsatz 7047.6 Ops/s, Median 0.542 ms, p95 0.782 ms, Operationen 140968, Fehler 0 (0.00%)
[2026-09-29 14:00:31] [2/21] SF1 L1 Arm B Lauf 50 -- Restzeit ca. 0 h 14 min
[2026-09-29 14:00:32]   Container arm_mongodb neu gestartet (0.6 s).
[2026-09-29 14:01:02]   -> Durchsatz 1196.9 Ops/s, Median 3.298 ms, p95 3.979 ms, Operationen 23942, Fehler 0 (0.00%)
[2026-09-29 14:01:02] [3/21] SF1 L1 Arm C Lauf 50 -- Restzeit ca. 0 h 14 min
[2026-09-29 14:01:03]   Container arm_mongodb neu gestartet (0.6 s).
[2026-09-29 14:01:33]   -> Durchsatz 4594.1 Ops/s, Median 0.845 ms, p95 1.215 ms, Operationen 91890, Fehler 0 (0.00%)
[2026-09-29 14:01:33] [4/21] SF1 L4-Q1 Arm A Lauf 50 -- Restzeit ca. 0 h 13 min
[2026-09-29 14:01:34]   Container arm_postgres neu gestartet (0.5 s).
[2026-09-29 14:02:04]   -> Durchsatz 36.8 Ops/s, Median 104.294 ms, p95 153.651 ms, Operationen 740, Fehler 0 (0.00%)
[2026-09-29 14:02:04] [5/21] SF1 L4-Q2 Arm A Lauf 50 -- Restzeit ca. 0 h 13 min
[2026-09-29 14:02:34]   -> Durchsatz 284.2 Ops/s, Median 13.149 ms, p95 21.362 ms, Operationen 5689, Fehler 0 (0.00%)
[2026-09-29 14:02:34] [6/21] SF1 L4-Q1 Arm B Lauf 50 -- Restzeit ca. 0 h 12 min
[2026-09-29 14:02:35]   Container arm_mongodb neu gestartet (0.9 s).
[2026-09-29 14:03:06]   -> Durchsatz 4.8 Ops/s, Median 817.846 ms, p95 916.988 ms, Operationen 99, Fehler 0 (0.00%)
[2026-09-29 14:03:06] [7/21] SF1 L4-Q2 Arm B Lauf 50 -- Restzeit ca. 0 h 12 min
[2026-09-29 14:03:37]   -> Durchsatz 86.7 Ops/s, Median 43.816 ms, p95 67.327 ms, Operationen 1738, Fehler 0 (0.00%)
[2026-09-29 14:03:37] [8/21] SF1 L4-Q1 Arm C Lauf 50 -- Restzeit ca. 0 h 11 min
[2026-09-29 14:03:38]   Container arm_mongodb neu gestartet (0.7 s).
[2026-09-29 14:04:09]   -> Durchsatz 37.2 Ops/s, Median 106.923 ms, p95 115.701 ms, Operationen 748, Fehler 0 (0.00%)
[2026-09-29 14:04:09] [9/21] SF1 L4-Q2 Arm C Lauf 50 -- Restzeit ca. 0 h 11 min
[2026-09-29 14:04:39]   -> Durchsatz 80.6 Ops/s, Median 48.229 ms, p95 68.965 ms, Operationen 1616, Fehler 0 (0.00%)
[2026-09-29 14:04:39] [10/21] SF1 L2 Arm A Lauf 50 -- Restzeit ca. 0 h 10 min
[2026-09-29 14:04:44]   Arm A zurueckgesetzt (4.4 s).
[2026-09-29 14:04:44]   Container arm_postgres neu gestartet (0.7 s).
[2026-09-29 14:05:15]   -> Durchsatz 1640.4 Ops/s, Median 2.38 ms, p95 2.943 ms, Operationen 32811, Fehler 0 (0.00%), geschrieben je Op 3.0
[2026-09-29 14:05:15] [11/21] SF1 L2 Arm B Lauf 50 -- Restzeit ca. 0 h 06 min
[2026-09-29 14:05:38]   Arm B zurueckgesetzt (23.4 s).
[2026-09-29 14:05:39]   Container arm_mongodb neu gestartet (0.8 s).
[2026-09-29 14:06:09]   -> Durchsatz 2419.8 Ops/s, Median 1.617 ms, p95 2.09 ms, Operationen 48399, Fehler 0 (0.00%), geschrieben je Op 3.0
[2026-09-29 14:06:09] [12/21] SF1 L2 Arm C Lauf 50 -- Restzeit ca. 0 h 07 min
[2026-09-29 14:06:15]   Arm C zurueckgesetzt (6.1 s).
[2026-09-29 14:06:16]   Container arm_mongodb neu gestartet (0.7 s).
[2026-09-29 14:06:46]   -> Durchsatz 1581.7 Ops/s, Median 2.488 ms, p95 3.08 ms, Operationen 31637, Fehler 0 (0.00%), geschrieben je Op 1.0
[2026-09-29 14:06:46] [13/21] SF1 L3 Arm A Fan-out 10 Lauf 50 -- Restzeit ca. 0 h 06 min
[2026-09-29 14:06:50]   Arm A zurueckgesetzt (3.9 s).
[2026-09-29 14:06:50]   Container arm_postgres neu gestartet (0.5 s).
[2026-09-29 14:07:21]   -> Durchsatz 5193.5 Ops/s, Median 0.743 ms, p95 0.992 ms, Operationen 103882, Fehler 0 (0.00%), geschrieben je Op 1.0
[2026-09-29 14:07:21] [14/21] SF1 L3 Arm A Fan-out 100 Lauf 50 -- Restzeit ca. 0 h 05 min
[2026-09-29 14:07:25]   Arm A zurueckgesetzt (3.8 s).
[2026-09-29 14:07:25]   Container arm_postgres neu gestartet (0.5 s).
[2026-09-29 14:07:55]   -> Durchsatz 5227.0 Ops/s, Median 0.74 ms, p95 0.986 ms, Operationen 104548, Fehler 0 (0.00%), geschrieben je Op 1.0
[2026-09-29 14:07:55] [15/21] SF1 L3 Arm A Fan-out 1000 Lauf 50 -- Restzeit ca. 0 h 05 min
[2026-09-29 14:07:59]   Arm A zurueckgesetzt (3.7 s).
[2026-09-29 14:08:00]   Container arm_postgres neu gestartet (0.5 s).
[2026-09-29 14:08:30]   -> Durchsatz 5263.3 Ops/s, Median 0.731 ms, p95 0.981 ms, Operationen 105278, Fehler 0 (0.00%), geschrieben je Op 1.0
[2026-09-29 14:08:30] [16/21] SF1 L3 Arm B Fan-out 10 Lauf 50 -- Restzeit ca. 0 h 04 min
[2026-09-29 14:08:51]   Arm B zurueckgesetzt (21.3 s).
[2026-09-29 14:08:52]   Container arm_mongodb neu gestartet (0.6 s).
[2026-09-29 14:09:22]   -> Durchsatz 5347.4 Ops/s, Median 0.722 ms, p95 1.018 ms, Operationen 106958, Fehler 0 (0.00%), geschrieben je Op 1.0
[2026-09-29 14:09:22] [17/21] SF1 L3 Arm B Fan-out 100 Lauf 50 -- Restzeit ca. 0 h 03 min
[2026-09-29 14:09:43]   Arm B zurueckgesetzt (21.2 s).
[2026-09-29 14:09:44]   Container arm_mongodb neu gestartet (0.6 s).
[2026-09-29 14:10:14]   -> Durchsatz 5398.0 Ops/s, Median 0.715 ms, p95 1.004 ms, Operationen 107969, Fehler 0 (0.00%), geschrieben je Op 1.0
[2026-09-29 14:10:14] [18/21] SF1 L3 Arm B Fan-out 1000 Lauf 50 -- Restzeit ca. 0 h 03 min
[2026-09-29 14:10:36]   Arm B zurueckgesetzt (21.5 s).
[2026-09-29 14:10:36]   Container arm_mongodb neu gestartet (0.7 s).
[2026-09-29 14:11:06]   -> Durchsatz 5385.4 Ops/s, Median 0.716 ms, p95 1.009 ms, Operationen 107718, Fehler 0 (0.00%), geschrieben je Op 1.0
[2026-09-29 14:11:06] [19/21] SF1 L3 Arm C Fan-out 10 Lauf 50 -- Restzeit ca. 0 h 02 min
[2026-09-29 14:11:12]   Arm C zurueckgesetzt (5.8 s).
[2026-09-29 14:11:13]   Container arm_mongodb neu gestartet (0.6 s).
[2026-09-29 14:11:43]   -> Durchsatz 2627.3 Ops/s, Median 1.488 ms, p95 1.875 ms, Operationen 52550, Fehler 0 (0.00%), geschrieben je Op 11.0
[2026-09-29 14:11:43] [20/21] SF1 L3 Arm C Fan-out 100 Lauf 50 -- Restzeit ca. 0 h 01 min
[2026-09-29 14:11:49]   Arm C zurueckgesetzt (5.8 s).
[2026-09-29 14:11:50]   Container arm_mongodb neu gestartet (0.7 s).
[2026-09-29 14:12:20]   -> Durchsatz 1465.8 Ops/s, Median 2.612 ms, p95 3.687 ms, Operationen 29320, Fehler 0 (0.00%), geschrieben je Op 100.9
[2026-09-29 14:12:20] [21/21] SF1 L3 Arm C Fan-out 1000 Lauf 50 -- Restzeit ca. 0 h 01 min
[2026-09-29 14:12:26]   Arm C zurueckgesetzt (6.5 s).
[2026-09-29 14:12:27]   Container arm_mongodb neu gestartet (0.9 s).
[2026-09-29 14:12:58]   -> Durchsatz 292.6 Ops/s, Median 13.627 ms, p95 16.25 ms, Operationen 5853, Fehler 0 (0.00%), geschrieben je Op 999.3
[2026-09-29 14:12:58] Abschliessendes Zuruecksetzen von SF1 ...
[2026-09-29 14:13:04]   Arm A zurueckgesetzt (3.8 s).
[2026-09-29 14:13:25]   Arm B zurueckgesetzt (21.3 s).
[2026-09-29 14:13:31]   Arm C zurueckgesetzt (5.9 s).
[2026-09-29 14:13:33]   Arm A: sauber
[2026-09-29 14:13:33]   Arm B: sauber
[2026-09-29 14:13:33]   Arm C: sauber
[2026-09-29 14:13:33] ========================================================================
[2026-09-29 14:13:33] Zusammenfassung: 21 von 21 offenen Laeufen bearbeitet in 0 h 14 min.
[2026-09-29 14:13:33]   Zuruecksetzen Arm A: 5x, Median 3.9 s
[2026-09-29 14:13:33]   Zuruecksetzen Arm B: 5x, Median 21.5 s
[2026-09-29 14:13:33]   Zuruecksetzen Arm C: 5x, Median 6.0 s
[2026-09-29 14:13:33] Keine Fehler.
[2026-09-29 14:18:50] ========================================================================
[2026-09-29 14:18:50] run_all.py gestartet: --probe --ohne-sf2 --lauf-nummer 51
[2026-09-29 14:18:50] Modus: PROBE; 10 s aufwaermen, 20 s messen, 4 Clients, Laufnummern [51]
[2026-09-29 14:18:51] Plan: 21 Laeufe, davon 0 bereits in messungen.csv, 21 offen.
[2026-09-29 14:18:51] WARNUNG: Fremdlast 41.3 % CPU: Python
[2026-09-29 14:18:51] ------------------------------------------------------------------------
[2026-09-29 14:18:51] Block SF1: 21 offene Laeufe
[2026-09-29 14:18:51] Pruefe, welche Datenmenge geladen ist ...
[2026-09-29 14:18:51]   geladen: SF1
[2026-09-29 14:18:51] Pruefe Bestand (Anzahlen, Anschriften) ...
[2026-09-29 14:18:54]   Arm A: sauber
[2026-09-29 14:18:54]   Arm B: sauber
[2026-09-29 14:18:54]   Arm C: sauber
[2026-09-29 14:18:54] Vorhandene Dumps werden weiterverwendet.
[2026-09-29 14:18:54] [1/21] SF1 L1 Arm A Lauf 51 -- Restzeit ca. 0 h 18 min
[2026-09-29 14:18:54]   Container arm_postgres neu gestartet (0.6 s).
[2026-09-29 14:19:25]   -> Durchsatz 7253.0 Ops/s, Median 0.531 ms, p95 0.744 ms, Operationen 145075, Fehler 0 (0.00%)
[2026-09-29 14:19:25] [2/21] SF1 L1 Arm B Lauf 51 -- Restzeit ca. 0 h 16 min
[2026-09-29 14:19:25]   Container arm_mongodb neu gestartet (0.7 s).
[2026-09-29 14:19:56]   -> Durchsatz 1208.4 Ops/s, Median 3.269 ms, p95 3.936 ms, Operationen 24170, Fehler 0 (0.00%)
[2026-09-29 14:19:56] [3/21] SF1 L1 Arm C Lauf 51 -- Restzeit ca. 0 h 16 min
[2026-09-29 14:19:56]   Container arm_mongodb neu gestartet (0.8 s).
[2026-09-29 14:20:27]   -> Durchsatz 4557.8 Ops/s, Median 0.851 ms, p95 1.228 ms, Operationen 91162, Fehler 0 (0.00%)
[2026-09-29 14:20:27] [4/21] SF1 L4-Q1 Arm A Lauf 51 -- Restzeit ca. 0 h 15 min
[2026-09-29 14:20:27]   Container arm_postgres neu gestartet (0.6 s).
[2026-09-29 14:20:58]   -> Durchsatz 40.2 Ops/s, Median 99.555 ms, p95 108.604 ms, Operationen 805, Fehler 0 (0.00%)
[2026-09-29 14:20:58] [5/21] SF1 L4-Q2 Arm A Lauf 51 -- Restzeit ca. 0 h 15 min
[2026-09-29 14:21:22] !!!!!!!!!!!!!!!!!!!!!!!!!!!!!!!!!!!!!!!!!!!!!!!!!!!!!!!!!!!!!!!!!!!!!!!!
[2026-09-29 14:21:22] !!! FEHLER: ABBRUCH durch Strg+C. Beim naechsten Start wird fortgesetzt.
[2026-09-29 14:21:22] !!!!!!!!!!!!!!!!!!!!!!!!!!!!!!!!!!!!!!!!!!!!!!!!!!!!!!!!!!!!!!!!!!!!!!!!
[2026-09-29 14:21:22] ========================================================================
[2026-09-29 14:21:22] Zusammenfassung: 5 von 21 offenen Laeufen bearbeitet in 0 h 03 min.
[2026-09-29 14:21:22] FEHLER (1):
[2026-09-29 14:21:22]   - Messreihe: abgebrochen durch Strg+C
[2026-09-29 14:21:58] ========================================================================
[2026-09-29 14:21:58] run_all.py gestartet: --probe --ohne-sf2 --lauf-nummer 51
[2026-09-29 14:21:58] Modus: PROBE; 10 s aufwaermen, 20 s messen, 4 Clients, Laufnummern [51]
[2026-09-29 14:21:59] Plan: 21 Laeufe, davon 4 bereits in messungen.csv, 17 offen.
[2026-09-29 14:21:59] WARNUNG: Fremdlast 38.5 % CPU: Python
[2026-09-29 14:21:59] ------------------------------------------------------------------------
[2026-09-29 14:21:59] Block SF1: 17 offene Laeufe
[2026-09-29 14:21:59] Pruefe, welche Datenmenge geladen ist ...
[2026-09-29 14:21:59]   geladen: SF1
[2026-09-29 14:21:59] Pruefe Bestand (Anzahlen, Anschriften) ...
[2026-09-29 14:22:02]   Arm A: sauber
[2026-09-29 14:22:02]   Arm B: sauber
[2026-09-29 14:22:02]   Arm C: sauber
[2026-09-29 14:22:02] Vorhandene Dumps werden weiterverwendet.
[2026-09-29 14:22:02] [1/17] SF1 L4-Q2 Arm A Lauf 51 -- Restzeit ca. 0 h 15 min
[2026-09-29 14:22:02]   Container arm_postgres neu gestartet (0.5 s).
[2026-09-29 14:22:33]   -> Durchsatz 332.2 Ops/s, Median 11.986 ms, p95 16.049 ms, Operationen 6646, Fehler 0 (0.00%)
[2026-09-29 14:22:33] [2/17] SF1 L4-Q1 Arm B Lauf 51 -- Restzeit ca. 0 h 14 min
[2026-09-29 14:22:33]   Container arm_mongodb neu gestartet (0.6 s).
[2026-09-29 14:22:37] !!!!!!!!!!!!!!!!!!!!!!!!!!!!!!!!!!!!!!!!!!!!!!!!!!!!!!!!!!!!!!!!!!!!!!!!
[2026-09-29 14:22:37] !!! FEHLER: ABBRUCH durch Strg+C. Beim naechsten Start wird fortgesetzt.
[2026-09-29 14:22:37] !!!!!!!!!!!!!!!!!!!!!!!!!!!!!!!!!!!!!!!!!!!!!!!!!!!!!!!!!!!!!!!!!!!!!!!!
[2026-09-29 14:22:37] ========================================================================
[2026-09-29 14:22:37] Zusammenfassung: 2 von 17 offenen Laeufen bearbeitet in 0 h 01 min.
[2026-09-29 14:22:37] FEHLER (1):
[2026-09-29 14:22:37]   - Messreihe: abgebrochen durch Strg+C
[2026-09-29 20:02:00] ========================================================================
[2026-09-29 20:02:00] run_all.py gestartet: (ohne Parameter)
[2026-09-29 20:02:00] Modus: Messreihe; 60 s aufwaermen, 120 s messen, 4 Clients, Laufnummern [1, 2, 3, 4, 5]
[2026-09-29 20:02:00] Plan: 150 Laeufe, davon 0 bereits in messungen.csv, 150 offen.
[2026-09-29 20:02:00] WARNUNG: Fremdlast 205.0 % CPU: syspolicyd
[2026-09-29 20:02:00] ------------------------------------------------------------------------
[2026-09-29 20:02:00] Block SF1: 105 offene Laeufe
[2026-09-29 20:02:00] Pruefe, welche Datenmenge geladen ist ...
[2026-09-29 20:02:01]   geladen: SF1
[2026-09-29 20:02:01] Pruefe Bestand (Anzahlen, Anschriften) ...
[2026-09-29 20:02:03]   Arm A: sauber
[2026-09-29 20:02:03]   Arm B: sauber
[2026-09-29 20:02:03]   Arm C: sauber
[2026-09-29 20:02:04] Vorhandene Dumps werden weiterverwendet.
[2026-09-29 20:02:04] [1/150] SF1 L1 Arm A Lauf 1 -- Restzeit ca. 8 h 15 min zzgl. Umladen auf SF2
[2026-09-29 20:02:04]   Container arm_postgres neu gestartet (0.4 s).
[2026-09-29 20:05:05]   -> Durchsatz 15437.4 Ops/s, Median 0.25 ms, p95 0.366 ms, Operationen 1852843, Fehler 0 (0.00%)
[2026-09-29 20:05:05] [2/150] SF1 L1 Arm A Lauf 2 -- Restzeit ca. 7 h 59 min zzgl. Umladen auf SF2
[2026-09-29 20:08:06]   -> Durchsatz 15336.9 Ops/s, Median 0.251 ms, p95 0.37 ms, Operationen 1840862, Fehler 0 (0.00%)
[2026-09-29 20:08:06] [3/150] SF1 L1 Arm A Lauf 3 -- Restzeit ca. 7 h 55 min zzgl. Umladen auf SF2
[2026-09-29 20:11:06]   -> Durchsatz 15294.1 Ops/s, Median 0.252 ms, p95 0.37 ms, Operationen 1835690, Fehler 0 (0.00%)
[2026-09-29 20:11:06] [4/150] SF1 L1 Arm A Lauf 4 -- Restzeit ca. 7 h 52 min zzgl. Umladen auf SF2
[2026-09-29 20:14:07]   -> Durchsatz 14517.3 Ops/s, Median 0.262 ms, p95 0.408 ms, Operationen 1742432, Fehler 0 (0.00%)
[2026-09-29 20:14:07] [5/150] SF1 L1 Arm A Lauf 5 -- Restzeit ca. 7 h 49 min zzgl. Umladen auf SF2
[2026-09-29 20:17:08]   -> Durchsatz 15591.0 Ops/s, Median 0.248 ms, p95 0.36 ms, Operationen 1871354, Fehler 0 (0.00%)
[2026-09-29 20:17:08] [6/150] SF1 L1 Arm B Lauf 1 -- Restzeit ca. 7 h 46 min zzgl. Umladen auf SF2
[2026-09-29 20:17:08]   Container arm_mongodb neu gestartet (0.6 s).
[2026-09-29 20:20:09]   -> Durchsatz 1748.4 Ops/s, Median 2.261 ms, p95 3.264 ms, Operationen 209816, Fehler 0 (0.00%)
[2026-09-29 20:20:09] [7/150] SF1 L1 Arm B Lauf 2 -- Restzeit ca. 7 h 43 min zzgl. Umladen auf SF2
[2026-09-29 20:23:10]   -> Durchsatz 1683.2 Ops/s, Median 2.383 ms, p95 3.356 ms, Operationen 201990, Fehler 0 (0.00%)
[2026-09-29 20:23:10] [8/150] SF1 L1 Arm B Lauf 3 -- Restzeit ca. 7 h 40 min zzgl. Umladen auf SF2
[2026-09-29 20:26:10]   -> Durchsatz 1715.0 Ops/s, Median 2.306 ms, p95 3.325 ms, Operationen 205802, Fehler 0 (0.00%)
[2026-09-29 20:26:10] [9/150] SF1 L1 Arm B Lauf 4 -- Restzeit ca. 7 h 37 min zzgl. Umladen auf SF2
[2026-09-29 20:29:11]   -> Durchsatz 1753.2 Ops/s, Median 2.256 ms, p95 3.252 ms, Operationen 210384, Fehler 0 (0.00%)
[2026-09-29 20:29:11] [10/150] SF1 L1 Arm B Lauf 5 -- Restzeit ca. 7 h 34 min zzgl. Umladen auf SF2
[2026-09-29 20:32:11]   -> Durchsatz 1786.3 Ops/s, Median 2.163 ms, p95 3.245 ms, Operationen 214362, Fehler 0 (0.00%)
[2026-09-29 20:32:11] [11/150] SF1 L1 Arm C Lauf 1 -- Restzeit ca. 7 h 31 min zzgl. Umladen auf SF2
[2026-09-29 20:32:12]   Container arm_mongodb neu gestartet (0.5 s).
[2026-09-29 20:35:12]   -> Durchsatz 7727.6 Ops/s, Median 0.465 ms, p95 0.898 ms, Operationen 927420, Fehler 0 (0.00%)
[2026-09-29 20:35:12] [12/150] SF1 L1 Arm C Lauf 2 -- Restzeit ca. 7 h 28 min zzgl. Umladen auf SF2
[2026-09-29 20:38:13]   -> Durchsatz 7780.7 Ops/s, Median 0.462 ms, p95 0.89 ms, Operationen 933770, Fehler 0 (0.00%)
[2026-09-29 20:38:13] [13/150] SF1 L1 Arm C Lauf 3 -- Restzeit ca. 7 h 25 min zzgl. Umladen auf SF2
[2026-09-29 20:41:14]   -> Durchsatz 7731.7 Ops/s, Median 0.465 ms, p95 0.896 ms, Operationen 927892, Fehler 0 (0.00%)
[2026-09-29 20:41:14] [14/150] SF1 L1 Arm C Lauf 4 -- Restzeit ca. 7 h 22 min zzgl. Umladen auf SF2
[2026-09-29 20:44:14]   -> Durchsatz 7631.0 Ops/s, Median 0.471 ms, p95 0.91 ms, Operationen 915809, Fehler 0 (0.00%)
[2026-09-29 20:44:14] [15/150] SF1 L1 Arm C Lauf 5 -- Restzeit ca. 7 h 19 min zzgl. Umladen auf SF2
[2026-09-29 20:47:15]   -> Durchsatz 7757.7 Ops/s, Median 0.464 ms, p95 0.893 ms, Operationen 931006, Fehler 0 (0.00%)
[2026-09-29 20:47:15] [16/150] SF1 L4-Q1 Arm A Lauf 1 -- Restzeit ca. 7 h 16 min zzgl. Umladen auf SF2
[2026-09-29 20:47:15]   Container arm_postgres neu gestartet (0.3 s).
[2026-09-29 20:50:16]   -> Durchsatz 50.0 Ops/s, Median 86.453 ms, p95 100.938 ms, Operationen 6009, Fehler 0 (0.00%)
[2026-09-29 20:50:16] [17/150] SF1 L4-Q1 Arm A Lauf 2 -- Restzeit ca. 7 h 13 min zzgl. Umladen auf SF2
[2026-09-29 20:53:16]   -> Durchsatz 49.9 Ops/s, Median 86.67 ms, p95 101.095 ms, Operationen 5991, Fehler 0 (0.00%)
[2026-09-29 20:53:16] [18/150] SF1 L4-Q1 Arm A Lauf 3 -- Restzeit ca. 7 h 10 min zzgl. Umladen auf SF2
[2026-09-29 20:56:16]   -> Durchsatz 49.7 Ops/s, Median 87.675 ms, p95 98.294 ms, Operationen 5967, Fehler 0 (0.00%)
[2026-09-29 20:56:16] [19/150] SF1 L4-Q1 Arm A Lauf 4 -- Restzeit ca. 7 h 07 min zzgl. Umladen auf SF2
[2026-09-29 20:59:16]   -> Durchsatz 49.9 Ops/s, Median 86.721 ms, p95 100.913 ms, Operationen 5984, Fehler 0 (0.00%)
[2026-09-29 20:59:16] [20/150] SF1 L4-Q1 Arm A Lauf 5 -- Restzeit ca. 7 h 04 min zzgl. Umladen auf SF2
[2026-09-29 21:02:17]   -> Durchsatz 49.3 Ops/s, Median 87.588 ms, p95 101.194 ms, Operationen 5914, Fehler 0 (0.00%)
[2026-09-29 21:02:17] [21/150] SF1 L4-Q2 Arm A Lauf 1 -- Restzeit ca. 7 h 01 min zzgl. Umladen auf SF2
[2026-09-29 21:05:17]   -> Durchsatz 466.3 Ops/s, Median 8.433 ms, p95 9.858 ms, Operationen 55959, Fehler 0 (0.00%)
[2026-09-29 21:05:17] [22/150] SF1 L4-Q2 Arm A Lauf 2 -- Restzeit ca. 6 h 58 min zzgl. Umladen auf SF2
[2026-09-29 21:08:17]   -> Durchsatz 460.2 Ops/s, Median 8.434 ms, p95 11.379 ms, Operationen 55224, Fehler 0 (0.00%)
[2026-09-29 21:08:17] [23/150] SF1 L4-Q2 Arm A Lauf 3 -- Restzeit ca. 6 h 55 min zzgl. Umladen auf SF2
[2026-09-29 21:11:17]   -> Durchsatz 466.5 Ops/s, Median 8.467 ms, p95 9.6 ms, Operationen 55988, Fehler 0 (0.00%)
[2026-09-29 21:11:17] [24/150] SF1 L4-Q2 Arm A Lauf 4 -- Restzeit ca. 6 h 52 min zzgl. Umladen auf SF2
[2026-09-29 21:14:18]   -> Durchsatz 467.8 Ops/s, Median 8.42 ms, p95 9.72 ms, Operationen 56140, Fehler 0 (0.00%)
[2026-09-29 21:14:18] [25/150] SF1 L4-Q2 Arm A Lauf 5 -- Restzeit ca. 6 h 49 min zzgl. Umladen auf SF2
[2026-09-29 21:17:18]   -> Durchsatz 469.6 Ops/s, Median 8.421 ms, p95 9.495 ms, Operationen 56360, Fehler 0 (0.00%)
[2026-09-29 21:17:18] [26/150] SF1 L4-Q1 Arm B Lauf 1 -- Restzeit ca. 6 h 46 min zzgl. Umladen auf SF2
[2026-09-29 21:17:18]   Container arm_mongodb neu gestartet (0.6 s).
[2026-09-29 21:20:20]   -> Durchsatz 6.7 Ops/s, Median 599.975 ms, p95 691.296 ms, Operationen 801, Fehler 0 (0.00%)
[2026-09-29 21:20:20] [27/150] SF1 L4-Q1 Arm B Lauf 2 -- Restzeit ca. 6 h 43 min zzgl. Umladen auf SF2
[2026-09-29 21:23:32]   -> Durchsatz 0.0 Ops/s, Median 0 ms, p95 0.0 ms, Operationen 0, Fehler 16 (100.00%)
[2026-09-29 21:23:32]   Mehr als 1 % Fehler: SF1 L4-Q1 Arm B Lauf 2 wird einmal wiederholt (beide Zeilen bleiben in messungen.csv).
[2026-09-29 21:26:34]   -> Durchsatz 0.0 Ops/s, Median 0 ms, p95 0.0 ms, Operationen 0, Fehler 16 (100.00%)
[2026-09-29 21:26:34] !!!!!!!!!!!!!!!!!!!!!!!!!!!!!!!!!!!!!!!!!!!!!!!!!!!!!!!!!!!!!!!!!!!!!!!!
[2026-09-29 21:26:34] !!! FEHLER: SF1 L4-Q1 Arm B Lauf 2: keine Operation im Messfenster.
[2026-09-29 21:26:34] !!!!!!!!!!!!!!!!!!!!!!!!!!!!!!!!!!!!!!!!!!!!!!!!!!!!!!!!!!!!!!!!!!!!!!!!
[2026-09-29 21:26:34] [28/150] SF1 L4-Q1 Arm B Lauf 3 -- Restzeit ca. 6 h 47 min zzgl. Umladen auf SF2
[2026-09-29 21:29:36]   -> Durchsatz 0.0 Ops/s, Median 0 ms, p95 0.0 ms, Operationen 0, Fehler 16 (100.00%)
[2026-09-29 21:29:36]   Mehr als 1 % Fehler: SF1 L4-Q1 Arm B Lauf 3 wird einmal wiederholt (beide Zeilen bleiben in messungen.csv).
[2026-09-29 21:32:38]   -> Durchsatz 0.0 Ops/s, Median 0 ms, p95 0.0 ms, Operationen 0, Fehler 16 (100.00%)
[2026-09-29 21:32:38] !!!!!!!!!!!!!!!!!!!!!!!!!!!!!!!!!!!!!!!!!!!!!!!!!!!!!!!!!!!!!!!!!!!!!!!!
[2026-09-29 21:32:38] !!! FEHLER: SF1 L4-Q1 Arm B Lauf 3: keine Operation im Messfenster.
[2026-09-29 21:32:38] !!!!!!!!!!!!!!!!!!!!!!!!!!!!!!!!!!!!!!!!!!!!!!!!!!!!!!!!!!!!!!!!!!!!!!!!
[2026-09-29 21:32:38] [29/150] SF1 L4-Q1 Arm B Lauf 4 -- Restzeit ca. 6 h 51 min zzgl. Umladen auf SF2
[2026-09-29 21:35:39]   -> Durchsatz 0.0 Ops/s, Median 0 ms, p95 0.0 ms, Operationen 0, Fehler 16 (100.00%)
[2026-09-29 21:35:39]   Mehr als 1 % Fehler: SF1 L4-Q1 Arm B Lauf 4 wird einmal wiederholt (beide Zeilen bleiben in messungen.csv).
[2026-09-29 21:38:41]   -> Durchsatz 0.0 Ops/s, Median 0 ms, p95 0.0 ms, Operationen 0, Fehler 16 (100.00%)
[2026-09-29 21:38:41] !!!!!!!!!!!!!!!!!!!!!!!!!!!!!!!!!!!!!!!!!!!!!!!!!!!!!!!!!!!!!!!!!!!!!!!!
[2026-09-29 21:38:41] !!! FEHLER: SF1 L4-Q1 Arm B Lauf 4: keine Operation im Messfenster.
[2026-09-29 21:38:41] !!!!!!!!!!!!!!!!!!!!!!!!!!!!!!!!!!!!!!!!!!!!!!!!!!!!!!!!!!!!!!!!!!!!!!!!
[2026-09-29 21:38:41] [30/150] SF1 L4-Q1 Arm B Lauf 5 -- Restzeit ca. 6 h 53 min zzgl. Umladen auf SF2
[2026-09-29 21:41:43]   -> Durchsatz 0.0 Ops/s, Median 0 ms, p95 0.0 ms, Operationen 0, Fehler 16 (100.00%)
[2026-09-29 21:41:43]   Mehr als 1 % Fehler: SF1 L4-Q1 Arm B Lauf 5 wird einmal wiederholt (beide Zeilen bleiben in messungen.csv).
[2026-09-29 21:44:45]   -> Durchsatz 0.0 Ops/s, Median 0 ms, p95 0.0 ms, Operationen 0, Fehler 16 (100.00%)
[2026-09-29 21:44:45] !!!!!!!!!!!!!!!!!!!!!!!!!!!!!!!!!!!!!!!!!!!!!!!!!!!!!!!!!!!!!!!!!!!!!!!!
[2026-09-29 21:44:45] !!! FEHLER: SF1 L4-Q1 Arm B Lauf 5: keine Operation im Messfenster.
[2026-09-29 21:44:45] !!!!!!!!!!!!!!!!!!!!!!!!!!!!!!!!!!!!!!!!!!!!!!!!!!!!!!!!!!!!!!!!!!!!!!!!
[2026-09-29 21:44:45] [31/150] SF1 L4-Q2 Arm B Lauf 1 -- Restzeit ca. 6 h 55 min zzgl. Umladen auf SF2
[2026-09-29 21:47:48]   -> Durchsatz 0.0 Ops/s, Median 0 ms, p95 0.0 ms, Operationen 0, Fehler 16 (100.00%)
[2026-09-29 21:47:48]   Mehr als 1 % Fehler: SF1 L4-Q2 Arm B Lauf 1 wird einmal wiederholt (beide Zeilen bleiben in messungen.csv).
[2026-09-29 21:50:50]   -> Durchsatz 0.0 Ops/s, Median 0 ms, p95 0.0 ms, Operationen 0, Fehler 16 (100.00%)
[2026-09-29 21:50:50] !!!!!!!!!!!!!!!!!!!!!!!!!!!!!!!!!!!!!!!!!!!!!!!!!!!!!!!!!!!!!!!!!!!!!!!!
[2026-09-29 21:50:50] !!! FEHLER: SF1 L4-Q2 Arm B Lauf 1: keine Operation im Messfenster.
[2026-09-29 21:50:50] !!!!!!!!!!!!!!!!!!!!!!!!!!!!!!!!!!!!!!!!!!!!!!!!!!!!!!!!!!!!!!!!!!!!!!!!
[2026-09-29 21:50:50] [32/150] SF1 L4-Q2 Arm B Lauf 2 -- Restzeit ca. 6 h 57 min zzgl. Umladen auf SF2
[2026-09-29 21:53:52]   -> Durchsatz 0.0 Ops/s, Median 0 ms, p95 0.0 ms, Operationen 0, Fehler 16 (100.00%)
[2026-09-29 21:53:52]   Mehr als 1 % Fehler: SF1 L4-Q2 Arm B Lauf 2 wird einmal wiederholt (beide Zeilen bleiben in messungen.csv).
[2026-09-29 21:56:55]   -> Durchsatz 0.0 Ops/s, Median 0 ms, p95 0.0 ms, Operationen 0, Fehler 16 (100.00%)
[2026-09-29 21:56:55] !!!!!!!!!!!!!!!!!!!!!!!!!!!!!!!!!!!!!!!!!!!!!!!!!!!!!!!!!!!!!!!!!!!!!!!!
[2026-09-29 21:56:55] !!! FEHLER: SF1 L4-Q2 Arm B Lauf 2: keine Operation im Messfenster.
[2026-09-29 21:56:55] !!!!!!!!!!!!!!!!!!!!!!!!!!!!!!!!!!!!!!!!!!!!!!!!!!!!!!!!!!!!!!!!!!!!!!!!
[2026-09-29 21:56:55] [33/150] SF1 L4-Q2 Arm B Lauf 3 -- Restzeit ca. 6 h 58 min zzgl. Umladen auf SF2
[2026-09-29 21:59:57]   -> Durchsatz 0.0 Ops/s, Median 0 ms, p95 0.0 ms, Operationen 0, Fehler 16 (100.00%)
[2026-09-29 21:59:57]   Mehr als 1 % Fehler: SF1 L4-Q2 Arm B Lauf 3 wird einmal wiederholt (beide Zeilen bleiben in messungen.csv).
[2026-09-29 22:02:58]   -> Durchsatz 0.0 Ops/s, Median 0 ms, p95 0.0 ms, Operationen 0, Fehler 16 (100.00%)
[2026-09-29 22:02:58] !!!!!!!!!!!!!!!!!!!!!!!!!!!!!!!!!!!!!!!!!!!!!!!!!!!!!!!!!!!!!!!!!!!!!!!!
[2026-09-29 22:02:58] !!! FEHLER: SF1 L4-Q2 Arm B Lauf 3: keine Operation im Messfenster.
[2026-09-29 22:02:58] !!!!!!!!!!!!!!!!!!!!!!!!!!!!!!!!!!!!!!!!!!!!!!!!!!!!!!!!!!!!!!!!!!!!!!!!
[2026-09-29 22:02:58] [34/150] SF1 L4-Q2 Arm B Lauf 4 -- Restzeit ca. 6 h 59 min zzgl. Umladen auf SF2
[2026-09-29 22:06:00]   -> Durchsatz 0.0 Ops/s, Median 0 ms, p95 0.0 ms, Operationen 0, Fehler 16 (100.00%)
[2026-09-29 22:06:00]   Mehr als 1 % Fehler: SF1 L4-Q2 Arm B Lauf 4 wird einmal wiederholt (beide Zeilen bleiben in messungen.csv).
[2026-09-29 22:09:02]   -> Durchsatz 0.0 Ops/s, Median 0 ms, p95 0.0 ms, Operationen 0, Fehler 16 (100.00%)
[2026-09-29 22:09:02] !!!!!!!!!!!!!!!!!!!!!!!!!!!!!!!!!!!!!!!!!!!!!!!!!!!!!!!!!!!!!!!!!!!!!!!!
[2026-09-29 22:09:02] !!! FEHLER: SF1 L4-Q2 Arm B Lauf 4: keine Operation im Messfenster.
[2026-09-29 22:09:02] !!!!!!!!!!!!!!!!!!!!!!!!!!!!!!!!!!!!!!!!!!!!!!!!!!!!!!!!!!!!!!!!!!!!!!!!
[2026-09-29 22:09:02] [35/150] SF1 L4-Q2 Arm B Lauf 5 -- Restzeit ca. 6 h 59 min zzgl. Umladen auf SF2
[2026-09-29 22:12:04]   -> Durchsatz 0.0 Ops/s, Median 0 ms, p95 0.0 ms, Operationen 0, Fehler 16 (100.00%)
[2026-09-29 22:12:04]   Mehr als 1 % Fehler: SF1 L4-Q2 Arm B Lauf 5 wird einmal wiederholt (beide Zeilen bleiben in messungen.csv).
[2026-09-29 22:15:06]   -> Durchsatz 0.0 Ops/s, Median 0 ms, p95 0.0 ms, Operationen 0, Fehler 16 (100.00%)
[2026-09-29 22:15:06] !!!!!!!!!!!!!!!!!!!!!!!!!!!!!!!!!!!!!!!!!!!!!!!!!!!!!!!!!!!!!!!!!!!!!!!!
[2026-09-29 22:15:06] !!! FEHLER: SF1 L4-Q2 Arm B Lauf 5: keine Operation im Messfenster.
[2026-09-29 22:15:06] !!!!!!!!!!!!!!!!!!!!!!!!!!!!!!!!!!!!!!!!!!!!!!!!!!!!!!!!!!!!!!!!!!!!!!!!
[2026-09-29 22:15:06] [36/150] SF1 L4-Q1 Arm C Lauf 1 -- Restzeit ca. 6 h 59 min zzgl. Umladen auf SF2
[2026-09-29 22:16:08] !!!!!!!!!!!!!!!!!!!!!!!!!!!!!!!!!!!!!!!!!!!!!!!!!!!!!!!!!!!!!!!!!!!!!!!!
[2026-09-29 22:16:08] !!! FEHLER: ABBRUCH: Befehl fehlgeschlagen (Code 1): docker compose restart mongodb
request returned 500 Internal Server Error for API route and version http://%2FUsers%2Fmardinmohammad%2F.docker%2Frun%2Fdocker.sock/v1.55/containers/json?all=1&filters=%7B%22label%22%3A%7B%22com.docker.compose.config-hash%22%3Atrue%2C%22com.docker.compose.oneoff%3DFalse%22%3Atrue%2C%22com.docker.compose.project%3Dbachelor-benchmark%22%3Atrue%7D%7D, check if the server supports the requested API version
[2026-09-29 22:16:08] !!!!!!!!!!!!!!!!!!!!!!!!!!!!!!!!!!!!!!!!!!!!!!!!!!!!!!!!!!!!!!!!!!!!!!!!
[2026-09-29 22:16:08] ========================================================================
[2026-09-29 22:16:08] Zusammenfassung: 36 von 150 offenen Laeufen bearbeitet in 2 h 14 min.
[2026-09-29 22:16:08]   wiederholt wegen > 1 % Fehlern: SF1 L4-Q1 Arm B Lauf 2
[2026-09-29 22:16:08]   wiederholt wegen > 1 % Fehlern: SF1 L4-Q1 Arm B Lauf 3
[2026-09-29 22:16:08]   wiederholt wegen > 1 % Fehlern: SF1 L4-Q1 Arm B Lauf 4
[2026-09-29 22:16:08]   wiederholt wegen > 1 % Fehlern: SF1 L4-Q1 Arm B Lauf 5
[2026-09-29 22:16:08]   wiederholt wegen > 1 % Fehlern: SF1 L4-Q2 Arm B Lauf 1
[2026-09-29 22:16:08]   wiederholt wegen > 1 % Fehlern: SF1 L4-Q2 Arm B Lauf 2
[2026-09-29 22:16:08]   wiederholt wegen > 1 % Fehlern: SF1 L4-Q2 Arm B Lauf 3
[2026-09-29 22:16:08]   wiederholt wegen > 1 % Fehlern: SF1 L4-Q2 Arm B Lauf 4
[2026-09-29 22:16:08]   wiederholt wegen > 1 % Fehlern: SF1 L4-Q2 Arm B Lauf 5
[2026-09-29 22:16:08] FEHLER (10):
[2026-09-29 22:16:08]   - SF1 L4-Q1 Arm B Lauf 2: 0 Operationen
[2026-09-29 22:16:08]   - SF1 L4-Q1 Arm B Lauf 3: 0 Operationen
[2026-09-29 22:16:08]   - SF1 L4-Q1 Arm B Lauf 4: 0 Operationen
[2026-09-29 22:16:08]   - SF1 L4-Q1 Arm B Lauf 5: 0 Operationen
[2026-09-29 22:16:08]   - SF1 L4-Q2 Arm B Lauf 1: 0 Operationen
[2026-09-29 22:16:08]   - SF1 L4-Q2 Arm B Lauf 2: 0 Operationen
[2026-09-29 22:16:08]   - SF1 L4-Q2 Arm B Lauf 3: 0 Operationen
[2026-09-29 22:16:08]   - SF1 L4-Q2 Arm B Lauf 4: 0 Operationen
[2026-09-29 22:16:08]   - SF1 L4-Q2 Arm B Lauf 5: 0 Operationen
[2026-09-29 22:16:08]   - Messreihe: abgebrochen: Befehl fehlgeschlagen (Code 1): docker compose restart mongodb
[2026-09-29 23:14:29] ========================================================================
[2026-09-29 23:14:29] run_all.py gestartet: (ohne Parameter)
[2026-09-29 23:14:29] Modus: Messreihe; 60 s aufwaermen, 120 s messen, 4 Clients, Laufnummern [1, 2, 3, 4, 5]
[2026-09-29 23:14:29] Plan: 150 Laeufe, davon 0 bereits in messungen.csv, 150 offen.
[2026-09-29 23:14:29] ------------------------------------------------------------------------
[2026-09-29 23:14:29] Block SF1: 105 offene Laeufe
[2026-09-29 23:14:29] Pruefe, welche Datenmenge geladen ist ...
[2026-09-29 23:14:30]   geladen: SF1
[2026-09-29 23:14:30] Pruefe Bestand (Anzahlen, Anschriften) ...
[2026-09-29 23:14:32]   Arm A: sauber
[2026-09-29 23:14:32]   Arm B: sauber
[2026-09-29 23:14:32]   Arm C: sauber
[2026-09-29 23:14:32] Vorhandene Dumps werden weiterverwendet.
[2026-09-29 23:14:32] [1/150] SF1 L1 Arm A Lauf 1 -- Restzeit ca. 8 h 15 min zzgl. Umladen auf SF2
[2026-09-29 23:14:32]   Container arm_postgres neu gestartet (0.4 s).
[2026-09-29 23:17:33]   -> Durchsatz 15631.5 Ops/s, Median 0.248 ms, p95 0.357 ms, Operationen 1876143, Fehler 0 (0.00%)
[2026-09-29 23:17:33] [2/150] SF1 L1 Arm A Lauf 2 -- Restzeit ca. 7 h 59 min zzgl. Umladen auf SF2
[2026-09-29 23:20:34]   -> Durchsatz 15587.8 Ops/s, Median 0.247 ms, p95 0.361 ms, Operationen 1870944, Fehler 0 (0.00%)
[2026-09-29 23:20:34] [3/150] SF1 L1 Arm A Lauf 3 -- Restzeit ca. 7 h 55 min zzgl. Umladen auf SF2
[2026-09-29 23:23:35]   -> Durchsatz 15835.2 Ops/s, Median 0.244 ms, p95 0.353 ms, Operationen 1900608, Fehler 0 (0.00%)
[2026-09-29 23:23:35] [4/150] SF1 L1 Arm A Lauf 4 -- Restzeit ca. 7 h 52 min zzgl. Umladen auf SF2
[2026-09-29 23:26:35]   -> Durchsatz 15618.6 Ops/s, Median 0.247 ms, p95 0.359 ms, Operationen 1874601, Fehler 0 (0.00%)
[2026-09-29 23:26:35] [5/150] SF1 L1 Arm A Lauf 5 -- Restzeit ca. 7 h 49 min zzgl. Umladen auf SF2
[2026-09-29 23:29:36]   -> Durchsatz 15760.6 Ops/s, Median 0.245 ms, p95 0.356 ms, Operationen 1891645, Fehler 0 (0.00%)
[2026-09-29 23:29:36] [6/150] SF1 L1 Arm B Lauf 1 -- Restzeit ca. 7 h 46 min zzgl. Umladen auf SF2
[2026-09-29 23:29:37]   Container arm_mongodb neu gestartet (0.6 s).
[2026-09-29 23:32:37]   -> Durchsatz 1763.4 Ops/s, Median 2.222 ms, p95 3.258 ms, Operationen 211614, Fehler 0 (0.00%)
[2026-09-29 23:32:37] [7/150] SF1 L1 Arm B Lauf 2 -- Restzeit ca. 7 h 43 min zzgl. Umladen auf SF2
[2026-09-29 23:35:38]   -> Durchsatz 1761.5 Ops/s, Median 2.221 ms, p95 3.266 ms, Operationen 211390, Fehler 0 (0.00%)
[2026-09-29 23:35:38] [8/150] SF1 L1 Arm B Lauf 3 -- Restzeit ca. 7 h 40 min zzgl. Umladen auf SF2
[2026-09-29 23:38:39]   -> Durchsatz 1764.6 Ops/s, Median 2.213 ms, p95 3.261 ms, Operationen 211754, Fehler 0 (0.00%)
[2026-09-29 23:38:39] [9/150] SF1 L1 Arm B Lauf 4 -- Restzeit ca. 7 h 37 min zzgl. Umladen auf SF2
[2026-09-29 23:41:39]   -> Durchsatz 1814.3 Ops/s, Median 2.127 ms, p95 3.191 ms, Operationen 217723, Fehler 0 (0.00%)
[2026-09-29 23:41:39] [10/150] SF1 L1 Arm B Lauf 5 -- Restzeit ca. 7 h 34 min zzgl. Umladen auf SF2
[2026-09-29 23:44:40]   -> Durchsatz 1783.1 Ops/s, Median 2.183 ms, p95 3.241 ms, Operationen 213979, Fehler 0 (0.00%)
[2026-09-29 23:44:40] [11/150] SF1 L1 Arm C Lauf 1 -- Restzeit ca. 7 h 31 min zzgl. Umladen auf SF2
[2026-09-29 23:44:40]   Container arm_mongodb neu gestartet (0.5 s).
[2026-09-29 23:47:41]   -> Durchsatz 7751.5 Ops/s, Median 0.465 ms, p95 0.898 ms, Operationen 930257, Fehler 0 (0.00%)
[2026-09-29 23:47:41] [12/150] SF1 L1 Arm C Lauf 2 -- Restzeit ca. 7 h 28 min zzgl. Umladen auf SF2
[2026-09-29 23:50:41]   -> Durchsatz 7775.0 Ops/s, Median 0.462 ms, p95 0.894 ms, Operationen 933087, Fehler 0 (0.00%)
[2026-09-29 23:50:41] [13/150] SF1 L1 Arm C Lauf 3 -- Restzeit ca. 7 h 25 min zzgl. Umladen auf SF2
[2026-09-29 23:53:42]   -> Durchsatz 7821.6 Ops/s, Median 0.462 ms, p95 0.889 ms, Operationen 938673, Fehler 0 (0.00%)
[2026-09-29 23:53:42] [14/150] SF1 L1 Arm C Lauf 4 -- Restzeit ca. 7 h 22 min zzgl. Umladen auf SF2
[2026-09-29 23:56:43]   -> Durchsatz 7802.0 Ops/s, Median 0.462 ms, p95 0.89 ms, Operationen 936317, Fehler 0 (0.00%)
[2026-09-29 23:56:43] [15/150] SF1 L1 Arm C Lauf 5 -- Restzeit ca. 7 h 19 min zzgl. Umladen auf SF2
[2026-09-29 23:59:43]   -> Durchsatz 7834.3 Ops/s, Median 0.461 ms, p95 0.886 ms, Operationen 940214, Fehler 0 (0.00%)
[2026-09-29 23:59:43] [16/150] SF1 L4-Q1 Arm A Lauf 1 -- Restzeit ca. 7 h 16 min zzgl. Umladen auf SF2
[2026-09-29 23:59:44]   Container arm_postgres neu gestartet (0.3 s).
[2026-09-30 00:02:44]   -> Durchsatz 50.4 Ops/s, Median 86.106 ms, p95 100.81 ms, Operationen 6044, Fehler 0 (0.00%)
[2026-09-30 00:02:44] [17/150] SF1 L4-Q1 Arm A Lauf 2 -- Restzeit ca. 7 h 13 min zzgl. Umladen auf SF2
[2026-09-30 00:05:44]   -> Durchsatz 50.3 Ops/s, Median 86.129 ms, p95 100.68 ms, Operationen 6045, Fehler 0 (0.00%)
[2026-09-30 00:05:44] [18/150] SF1 L4-Q1 Arm A Lauf 3 -- Restzeit ca. 7 h 10 min zzgl. Umladen auf SF2
[2026-09-30 00:08:44]   -> Durchsatz 50.3 Ops/s, Median 86.378 ms, p95 100.063 ms, Operationen 6043, Fehler 0 (0.00%)
[2026-09-30 00:08:44] [19/150] SF1 L4-Q1 Arm A Lauf 4 -- Restzeit ca. 7 h 07 min zzgl. Umladen auf SF2
[2026-09-30 00:11:45]   -> Durchsatz 50.3 Ops/s, Median 86.272 ms, p95 100.303 ms, Operationen 6045, Fehler 0 (0.00%)
[2026-09-30 00:11:45] [20/150] SF1 L4-Q1 Arm A Lauf 5 -- Restzeit ca. 7 h 04 min zzgl. Umladen auf SF2
[2026-09-30 00:14:45]   -> Durchsatz 50.3 Ops/s, Median 86.114 ms, p95 100.583 ms, Operationen 6041, Fehler 0 (0.00%)
[2026-09-30 00:14:45] [21/150] SF1 L4-Q2 Arm A Lauf 1 -- Restzeit ca. 7 h 01 min zzgl. Umladen auf SF2
[2026-09-30 00:17:45]   -> Durchsatz 465.4 Ops/s, Median 8.456 ms, p95 9.824 ms, Operationen 55854, Fehler 0 (0.00%)
[2026-09-30 00:17:45] [22/150] SF1 L4-Q2 Arm A Lauf 2 -- Restzeit ca. 6 h 58 min zzgl. Umladen auf SF2
[2026-09-30 00:20:45]   -> Durchsatz 467.6 Ops/s, Median 8.455 ms, p95 9.546 ms, Operationen 56113, Fehler 0 (0.00%)
[2026-09-30 00:20:45] [23/150] SF1 L4-Q2 Arm A Lauf 3 -- Restzeit ca. 6 h 55 min zzgl. Umladen auf SF2
[2026-09-30 00:23:45]   -> Durchsatz 466.8 Ops/s, Median 8.47 ms, p95 9.556 ms, Operationen 56017, Fehler 0 (0.00%)
[2026-09-30 00:23:45] [24/150] SF1 L4-Q2 Arm A Lauf 4 -- Restzeit ca. 6 h 52 min zzgl. Umladen auf SF2
[2026-09-30 00:26:46]   -> Durchsatz 469.1 Ops/s, Median 8.441 ms, p95 9.494 ms, Operationen 56292, Fehler 0 (0.00%)
[2026-09-30 00:26:46] [25/150] SF1 L4-Q2 Arm A Lauf 5 -- Restzeit ca. 6 h 49 min zzgl. Umladen auf SF2
[2026-09-30 00:29:46]   -> Durchsatz 466.2 Ops/s, Median 8.466 ms, p95 9.658 ms, Operationen 55947, Fehler 0 (0.00%)
[2026-09-30 00:29:46] [26/150] SF1 L4-Q1 Arm B Lauf 1 -- Restzeit ca. 6 h 46 min zzgl. Umladen auf SF2
[2026-09-30 00:29:46]   Container arm_mongodb neu gestartet (0.5 s).
[2026-09-30 00:32:48]   -> Durchsatz 6.8 Ops/s, Median 585.827 ms, p95 679.393 ms, Operationen 818, Fehler 0 (0.00%)
[2026-09-30 00:32:48] [27/150] SF1 L4-Q1 Arm B Lauf 2 -- Restzeit ca. 6 h 43 min zzgl. Umladen auf SF2
[2026-09-30 00:36:00]   -> Durchsatz 0.0 Ops/s, Median 0 ms, p95 0.0 ms, Operationen 0, Fehler 16 (100.00%)
[2026-09-30 00:36:00]   Mehr als 1 % Fehler: SF1 L4-Q1 Arm B Lauf 2 wird einmal wiederholt (beide Zeilen bleiben in messungen.csv).
[2026-09-30 00:39:02]   -> Durchsatz 0.0 Ops/s, Median 0 ms, p95 0.0 ms, Operationen 0, Fehler 16 (100.00%)
[2026-09-30 00:39:02] !!!!!!!!!!!!!!!!!!!!!!!!!!!!!!!!!!!!!!!!!!!!!!!!!!!!!!!!!!!!!!!!!!!!!!!!
[2026-09-30 00:39:02] !!! FEHLER: SF1 L4-Q1 Arm B Lauf 2: keine Operation im Messfenster.
[2026-09-30 00:39:02] !!!!!!!!!!!!!!!!!!!!!!!!!!!!!!!!!!!!!!!!!!!!!!!!!!!!!!!!!!!!!!!!!!!!!!!!
[2026-09-30 00:39:02] [28/150] SF1 L4-Q1 Arm B Lauf 3 -- Restzeit ca. 6 h 47 min zzgl. Umladen auf SF2
[2026-09-30 00:42:05]   -> Durchsatz 0.0 Ops/s, Median 0 ms, p95 0.0 ms, Operationen 0, Fehler 16 (100.00%)
[2026-09-30 00:42:05]   Mehr als 1 % Fehler: SF1 L4-Q1 Arm B Lauf 3 wird einmal wiederholt (beide Zeilen bleiben in messungen.csv).
[2026-09-30 00:45:08]   -> Durchsatz 0.0 Ops/s, Median 0 ms, p95 0.0 ms, Operationen 0, Fehler 16 (100.00%)
[2026-09-30 00:45:08] !!!!!!!!!!!!!!!!!!!!!!!!!!!!!!!!!!!!!!!!!!!!!!!!!!!!!!!!!!!!!!!!!!!!!!!!
[2026-09-30 00:45:08] !!! FEHLER: SF1 L4-Q1 Arm B Lauf 3: keine Operation im Messfenster.
[2026-09-30 00:45:08] !!!!!!!!!!!!!!!!!!!!!!!!!!!!!!!!!!!!!!!!!!!!!!!!!!!!!!!!!!!!!!!!!!!!!!!!
[2026-09-30 00:45:08] [29/150] SF1 L4-Q1 Arm B Lauf 4 -- Restzeit ca. 6 h 51 min zzgl. Umladen auf SF2
[2026-09-30 00:48:11]   -> Durchsatz 0.0 Ops/s, Median 0 ms, p95 0.0 ms, Operationen 0, Fehler 16 (100.00%)
[2026-09-30 00:48:11]   Mehr als 1 % Fehler: SF1 L4-Q1 Arm B Lauf 4 wird einmal wiederholt (beide Zeilen bleiben in messungen.csv).
[2026-09-30 00:51:13]   -> Durchsatz 0.0 Ops/s, Median 0 ms, p95 0.0 ms, Operationen 0, Fehler 16 (100.00%)
[2026-09-30 00:51:13] !!!!!!!!!!!!!!!!!!!!!!!!!!!!!!!!!!!!!!!!!!!!!!!!!!!!!!!!!!!!!!!!!!!!!!!!
[2026-09-30 00:51:13] !!! FEHLER: SF1 L4-Q1 Arm B Lauf 4: keine Operation im Messfenster.
[2026-09-30 00:51:13] !!!!!!!!!!!!!!!!!!!!!!!!!!!!!!!!!!!!!!!!!!!!!!!!!!!!!!!!!!!!!!!!!!!!!!!!
[2026-09-30 00:51:13] [30/150] SF1 L4-Q1 Arm B Lauf 5 -- Restzeit ca. 6 h 53 min zzgl. Umladen auf SF2
[2026-09-30 00:54:15]   -> Durchsatz 0.0 Ops/s, Median 0 ms, p95 0.0 ms, Operationen 0, Fehler 16 (100.00%)
[2026-09-30 00:54:15]   Mehr als 1 % Fehler: SF1 L4-Q1 Arm B Lauf 5 wird einmal wiederholt (beide Zeilen bleiben in messungen.csv).
[2026-09-30 00:57:17]   -> Durchsatz 0.0 Ops/s, Median 0 ms, p95 0.0 ms, Operationen 0, Fehler 16 (100.00%)
[2026-09-30 00:57:17] !!!!!!!!!!!!!!!!!!!!!!!!!!!!!!!!!!!!!!!!!!!!!!!!!!!!!!!!!!!!!!!!!!!!!!!!
[2026-09-30 00:57:17] !!! FEHLER: SF1 L4-Q1 Arm B Lauf 5: keine Operation im Messfenster.
[2026-09-30 00:57:17] !!!!!!!!!!!!!!!!!!!!!!!!!!!!!!!!!!!!!!!!!!!!!!!!!!!!!!!!!!!!!!!!!!!!!!!!
[2026-09-30 00:57:17] [31/150] SF1 L4-Q2 Arm B Lauf 1 -- Restzeit ca. 6 h 56 min zzgl. Umladen auf SF2
[2026-09-30 01:00:19]   -> Durchsatz 0.0 Ops/s, Median 0 ms, p95 0.0 ms, Operationen 0, Fehler 16 (100.00%)
[2026-09-30 01:00:19]   Mehr als 1 % Fehler: SF1 L4-Q2 Arm B Lauf 1 wird einmal wiederholt (beide Zeilen bleiben in messungen.csv).
[2026-09-30 01:03:22]   -> Durchsatz 0.0 Ops/s, Median 0 ms, p95 0.0 ms, Operationen 0, Fehler 16 (100.00%)
[2026-09-30 01:03:22] !!!!!!!!!!!!!!!!!!!!!!!!!!!!!!!!!!!!!!!!!!!!!!!!!!!!!!!!!!!!!!!!!!!!!!!!
[2026-09-30 01:03:22] !!! FEHLER: SF1 L4-Q2 Arm B Lauf 1: keine Operation im Messfenster.
[2026-09-30 01:03:22] !!!!!!!!!!!!!!!!!!!!!!!!!!!!!!!!!!!!!!!!!!!!!!!!!!!!!!!!!!!!!!!!!!!!!!!!
[2026-09-30 01:03:22] [32/150] SF1 L4-Q2 Arm B Lauf 2 -- Restzeit ca. 6 h 57 min zzgl. Umladen auf SF2
[2026-09-30 01:06:24]   -> Durchsatz 0.0 Ops/s, Median 0 ms, p95 0.0 ms, Operationen 0, Fehler 16 (100.00%)
[2026-09-30 01:06:24]   Mehr als 1 % Fehler: SF1 L4-Q2 Arm B Lauf 2 wird einmal wiederholt (beide Zeilen bleiben in messungen.csv).
[2026-09-30 01:09:26]   -> Durchsatz 0.0 Ops/s, Median 0 ms, p95 0.0 ms, Operationen 0, Fehler 16 (100.00%)
[2026-09-30 01:09:26] !!!!!!!!!!!!!!!!!!!!!!!!!!!!!!!!!!!!!!!!!!!!!!!!!!!!!!!!!!!!!!!!!!!!!!!!
[2026-09-30 01:09:26] !!! FEHLER: SF1 L4-Q2 Arm B Lauf 2: keine Operation im Messfenster.
[2026-09-30 01:09:26] !!!!!!!!!!!!!!!!!!!!!!!!!!!!!!!!!!!!!!!!!!!!!!!!!!!!!!!!!!!!!!!!!!!!!!!!
[2026-09-30 01:09:26] [33/150] SF1 L4-Q2 Arm B Lauf 3 -- Restzeit ca. 6 h 58 min zzgl. Umladen auf SF2
[2026-09-30 01:12:28]   -> Durchsatz 0.0 Ops/s, Median 0 ms, p95 0.0 ms, Operationen 0, Fehler 16 (100.00%)
[2026-09-30 01:12:28]   Mehr als 1 % Fehler: SF1 L4-Q2 Arm B Lauf 3 wird einmal wiederholt (beide Zeilen bleiben in messungen.csv).
[2026-09-30 01:15:30]   -> Durchsatz 0.0 Ops/s, Median 0 ms, p95 0.0 ms, Operationen 0, Fehler 16 (100.00%)
[2026-09-30 01:15:30] !!!!!!!!!!!!!!!!!!!!!!!!!!!!!!!!!!!!!!!!!!!!!!!!!!!!!!!!!!!!!!!!!!!!!!!!
[2026-09-30 01:15:30] !!! FEHLER: SF1 L4-Q2 Arm B Lauf 3: keine Operation im Messfenster.
[2026-09-30 01:15:30] !!!!!!!!!!!!!!!!!!!!!!!!!!!!!!!!!!!!!!!!!!!!!!!!!!!!!!!!!!!!!!!!!!!!!!!!
[2026-09-30 01:15:30] [34/150] SF1 L4-Q2 Arm B Lauf 4 -- Restzeit ca. 6 h 59 min zzgl. Umladen auf SF2
[2026-09-30 01:18:32]   -> Durchsatz 0.0 Ops/s, Median 0 ms, p95 0.0 ms, Operationen 0, Fehler 16 (100.00%)
[2026-09-30 01:18:32]   Mehr als 1 % Fehler: SF1 L4-Q2 Arm B Lauf 4 wird einmal wiederholt (beide Zeilen bleiben in messungen.csv).
[2026-09-30 01:21:35]   -> Durchsatz 0.0 Ops/s, Median 0 ms, p95 0.0 ms, Operationen 0, Fehler 16 (100.00%)
[2026-09-30 01:21:35] !!!!!!!!!!!!!!!!!!!!!!!!!!!!!!!!!!!!!!!!!!!!!!!!!!!!!!!!!!!!!!!!!!!!!!!!
[2026-09-30 01:21:35] !!! FEHLER: SF1 L4-Q2 Arm B Lauf 4: keine Operation im Messfenster.
[2026-09-30 01:21:35] !!!!!!!!!!!!!!!!!!!!!!!!!!!!!!!!!!!!!!!!!!!!!!!!!!!!!!!!!!!!!!!!!!!!!!!!
[2026-09-30 01:21:35] [35/150] SF1 L4-Q2 Arm B Lauf 5 -- Restzeit ca. 6 h 59 min zzgl. Umladen auf SF2
[2026-09-30 01:24:38]   -> Durchsatz 0.0 Ops/s, Median 0 ms, p95 0.0 ms, Operationen 0, Fehler 16 (100.00%)
[2026-09-30 01:24:38]   Mehr als 1 % Fehler: SF1 L4-Q2 Arm B Lauf 5 wird einmal wiederholt (beide Zeilen bleiben in messungen.csv).
[2026-09-30 01:27:40]   -> Durchsatz 0.0 Ops/s, Median 0 ms, p95 0.0 ms, Operationen 0, Fehler 16 (100.00%)
[2026-09-30 01:27:40] !!!!!!!!!!!!!!!!!!!!!!!!!!!!!!!!!!!!!!!!!!!!!!!!!!!!!!!!!!!!!!!!!!!!!!!!
[2026-09-30 01:27:40] !!! FEHLER: SF1 L4-Q2 Arm B Lauf 5: keine Operation im Messfenster.
[2026-09-30 01:27:40] !!!!!!!!!!!!!!!!!!!!!!!!!!!!!!!!!!!!!!!!!!!!!!!!!!!!!!!!!!!!!!!!!!!!!!!!
[2026-09-30 01:27:40] [36/150] SF1 L4-Q1 Arm C Lauf 1 -- Restzeit ca. 6 h 59 min zzgl. Umladen auf SF2
[2026-09-30 01:28:42] !!!!!!!!!!!!!!!!!!!!!!!!!!!!!!!!!!!!!!!!!!!!!!!!!!!!!!!!!!!!!!!!!!!!!!!!
[2026-09-30 01:28:42] !!! FEHLER: ABBRUCH: Befehl fehlgeschlagen (Code 1): docker compose restart mongodb
request returned 500 Internal Server Error for API route and version http://%2FUsers%2Fmardinmohammad%2F.docker%2Frun%2Fdocker.sock/v1.55/containers/json?all=1&filters=%7B%22label%22%3A%7B%22com.docker.compose.config-hash%22%3Atrue%2C%22com.docker.compose.oneoff%3DFalse%22%3Atrue%2C%22com.docker.compose.project%3Dbachelor-benchmark%22%3Atrue%7D%7D, check if the server supports the requested API version
[2026-09-30 01:28:42] !!!!!!!!!!!!!!!!!!!!!!!!!!!!!!!!!!!!!!!!!!!!!!!!!!!!!!!!!!!!!!!!!!!!!!!!
[2026-09-30 01:28:42] ========================================================================
[2026-09-30 01:28:42] Zusammenfassung: 36 von 150 offenen Laeufen bearbeitet in 2 h 14 min.
[2026-09-30 01:28:42]   wiederholt wegen > 1 % Fehlern: SF1 L4-Q1 Arm B Lauf 2
[2026-09-30 01:28:42]   wiederholt wegen > 1 % Fehlern: SF1 L4-Q1 Arm B Lauf 3
[2026-09-30 01:28:42]   wiederholt wegen > 1 % Fehlern: SF1 L4-Q1 Arm B Lauf 4
[2026-09-30 01:28:42]   wiederholt wegen > 1 % Fehlern: SF1 L4-Q1 Arm B Lauf 5
[2026-09-30 01:28:42]   wiederholt wegen > 1 % Fehlern: SF1 L4-Q2 Arm B Lauf 1
[2026-09-30 01:28:42]   wiederholt wegen > 1 % Fehlern: SF1 L4-Q2 Arm B Lauf 2
[2026-09-30 01:28:42]   wiederholt wegen > 1 % Fehlern: SF1 L4-Q2 Arm B Lauf 3
[2026-09-30 01:28:42]   wiederholt wegen > 1 % Fehlern: SF1 L4-Q2 Arm B Lauf 4
[2026-09-30 01:28:42]   wiederholt wegen > 1 % Fehlern: SF1 L4-Q2 Arm B Lauf 5
[2026-09-30 01:28:42] FEHLER (10):
[2026-09-30 01:28:42]   - SF1 L4-Q1 Arm B Lauf 2: 0 Operationen
[2026-09-30 01:28:42]   - SF1 L4-Q1 Arm B Lauf 3: 0 Operationen
[2026-09-30 01:28:42]   - SF1 L4-Q1 Arm B Lauf 4: 0 Operationen
[2026-09-30 01:28:42]   - SF1 L4-Q1 Arm B Lauf 5: 0 Operationen
[2026-09-30 01:28:42]   - SF1 L4-Q2 Arm B Lauf 1: 0 Operationen
[2026-09-30 01:28:42]   - SF1 L4-Q2 Arm B Lauf 2: 0 Operationen
[2026-09-30 01:28:42]   - SF1 L4-Q2 Arm B Lauf 3: 0 Operationen
[2026-09-30 01:28:42]   - SF1 L4-Q2 Arm B Lauf 4: 0 Operationen
[2026-09-30 01:28:42]   - SF1 L4-Q2 Arm B Lauf 5: 0 Operationen
[2026-09-30 01:28:42]   - Messreihe: abgebrochen: Befehl fehlgeschlagen (Code 1): docker compose restart mongodb
[2026-09-30 14:00:12] ========================================================================
[2026-09-30 14:00:12] run_all.py gestartet: --nur-sf1 --profil L2,L3
[2026-09-30 14:00:12] Modus: Messreihe; 60 s aufwaermen, 120 s messen, 4 Clients, Laufnummern [1, 2, 3, 4, 5]
[2026-09-30 14:00:13] Plan: 60 Laeufe, davon 0 bereits in messungen.csv, 60 offen.
[2026-09-30 14:00:13] WARNUNG: Fremdlast 34.4 % CPU: Python
[2026-09-30 14:00:13] ------------------------------------------------------------------------
[2026-09-30 14:00:13] Block SF1: 60 offene Laeufe
[2026-09-30 14:00:13] Pruefe, welche Datenmenge geladen ist ...
[2026-09-30 14:00:13]   geladen: SF1
[2026-09-30 14:00:13] Pruefe Bestand (Anzahlen, Anschriften) ...
[2026-09-30 14:00:16]   Arm A: sauber
[2026-09-30 14:00:16]   Arm B: sauber
[2026-09-30 14:00:16]   Arm C: sauber
[2026-09-30 14:00:16] Vorhandene Dumps werden weiterverwendet.
[2026-09-30 14:00:16] [1/60] SF1 L2 Arm A Lauf 1 -- Restzeit ca. 3 h 30 min
[2026-09-30 14:00:18]   Arm A zurueckgesetzt (2.8 s).
[2026-09-30 14:00:19]   Container arm_postgres neu gestartet (0.6 s).
[2026-09-30 14:03:19]   -> Durchsatz 3261.1 Ops/s, Median 1.206 ms, p95 1.482 ms, Operationen 391343, Fehler 0 (0.00%), geschrieben je Op 3.0
[2026-09-30 14:03:19] [2/60] SF1 L2 Arm A Lauf 2 -- Restzeit ca. 3 h 01 min
[2026-09-30 14:03:22]   Arm A zurueckgesetzt (2.9 s).
[2026-09-30 14:03:23]   Container arm_postgres neu gestartet (0.6 s).
[2026-09-30 14:06:23]   -> Durchsatz 3234.7 Ops/s, Median 1.221 ms, p95 1.474 ms, Operationen 388180, Fehler 0 (0.00%), geschrieben je Op 3.0
[2026-09-30 14:06:23] [3/60] SF1 L2 Arm A Lauf 3 -- Restzeit ca. 2 h 58 min
[2026-09-30 14:06:26]   Arm A zurueckgesetzt (2.7 s).
[2026-09-30 14:06:26]   Container arm_postgres neu gestartet (0.6 s).
[2026-09-30 14:09:27]   -> Durchsatz 3381.4 Ops/s, Median 1.156 ms, p95 1.442 ms, Operationen 405789, Fehler 0 (0.00%), geschrieben je Op 3.0
[2026-09-30 14:09:27] [4/60] SF1 L2 Arm A Lauf 4 -- Restzeit ca. 2 h 55 min
[2026-09-30 14:09:30]   Arm A zurueckgesetzt (2.9 s).
[2026-09-30 14:09:30]   Container arm_postgres neu gestartet (0.6 s).
[2026-09-30 14:12:30]   -> Durchsatz 3426.2 Ops/s, Median 1.146 ms, p95 1.407 ms, Operationen 411164, Fehler 0 (0.00%), geschrieben je Op 3.0
[2026-09-30 14:12:30] [5/60] SF1 L2 Arm A Lauf 5 -- Restzeit ca. 2 h 51 min
[2026-09-30 14:12:33]   Arm A zurueckgesetzt (2.7 s).
[2026-09-30 14:12:34]   Container arm_postgres neu gestartet (0.5 s).
[2026-09-30 14:15:34]   -> Durchsatz 3414.4 Ops/s, Median 1.15 ms, p95 1.413 ms, Operationen 409747, Fehler 0 (0.00%), geschrieben je Op 3.0
[2026-09-30 14:15:34] [6/60] SF1 L2 Arm B Lauf 1 -- Restzeit ca. 2 h 48 min
[2026-09-30 14:15:50]   Arm B zurueckgesetzt (16.0 s).
[2026-09-30 14:15:51]   Container arm_mongodb neu gestartet (0.6 s).
[2026-09-30 14:18:51]   -> Durchsatz 3282.3 Ops/s, Median 1.199 ms, p95 1.78 ms, Operationen 393889, Fehler 0 (0.00%), geschrieben je Op 3.0
[2026-09-30 14:18:51] [7/60] SF1 L2 Arm B Lauf 2 -- Restzeit ca. 2 h 47 min
[2026-09-30 14:19:07]   Arm B zurueckgesetzt (16.0 s).
[2026-09-30 14:19:08]   Container arm_mongodb neu gestartet (0.6 s).
[2026-09-30 14:22:08]   -> Durchsatz 3192.3 Ops/s, Median 1.232 ms, p95 1.797 ms, Operationen 383092, Fehler 0 (0.00%), geschrieben je Op 3.0
[2026-09-30 14:22:08] [8/60] SF1 L2 Arm B Lauf 3 -- Restzeit ca. 2 h 46 min
[2026-09-30 14:22:24]   Arm B zurueckgesetzt (15.6 s).
[2026-09-30 14:22:24]   Container arm_mongodb neu gestartet (0.5 s).
[2026-09-30 14:25:25]   -> Durchsatz 3291.5 Ops/s, Median 1.194 ms, p95 1.782 ms, Operationen 394993, Fehler 0 (0.00%), geschrieben je Op 3.0
[2026-09-30 14:25:25] [9/60] SF1 L2 Arm B Lauf 4 -- Restzeit ca. 2 h 43 min
[2026-09-30 14:25:40]   Arm B zurueckgesetzt (15.7 s).
[2026-09-30 14:25:41]   Container arm_mongodb neu gestartet (0.6 s).
[2026-09-30 14:28:42]   -> Durchsatz 3430.5 Ops/s, Median 1.134 ms, p95 1.752 ms, Operationen 411671, Fehler 0 (0.00%), geschrieben je Op 3.0
[2026-09-30 14:28:42] [10/60] SF1 L2 Arm B Lauf 5 -- Restzeit ca. 2 h 41 min
[2026-09-30 14:28:57]   Arm B zurueckgesetzt (15.7 s).
[2026-09-30 14:28:58]   Container arm_mongodb neu gestartet (0.6 s).
[2026-09-30 14:31:59]   -> Durchsatz 3366.9 Ops/s, Median 1.163 ms, p95 1.766 ms, Operationen 404036, Fehler 0 (0.00%), geschrieben je Op 3.0
[2026-09-30 14:31:59] [11/60] SF1 L2 Arm C Lauf 1 -- Restzeit ca. 2 h 39 min
[2026-09-30 14:32:03]   Arm C zurueckgesetzt (4.5 s).
[2026-09-30 14:32:04]   Container arm_mongodb neu gestartet (0.6 s).
[2026-09-30 14:35:04]   -> Durchsatz 2083.6 Ops/s, Median 1.914 ms, p95 2.605 ms, Operationen 250039, Fehler 0 (0.00%), geschrieben je Op 1.0
[2026-09-30 14:35:04] [12/60] SF1 L2 Arm C Lauf 2 -- Restzeit ca. 2 h 35 min
[2026-09-30 14:35:08]   Arm C zurueckgesetzt (4.3 s).
[2026-09-30 14:35:09]   Container arm_mongodb neu gestartet (0.6 s).
[2026-09-30 14:38:10]   -> Durchsatz 2189.4 Ops/s, Median 1.83 ms, p95 2.593 ms, Operationen 262735, Fehler 0 (0.00%), geschrieben je Op 1.0
[2026-09-30 14:38:10] [13/60] SF1 L2 Arm C Lauf 3 -- Restzeit ca. 2 h 32 min
[2026-09-30 14:38:14]   Arm C zurueckgesetzt (4.4 s).
[2026-09-30 14:38:15]   Container arm_mongodb neu gestartet (0.5 s).
[2026-09-30 14:41:15]   -> Durchsatz 2205.9 Ops/s, Median 1.814 ms, p95 2.567 ms, Operationen 264711, Fehler 0 (0.00%), geschrieben je Op 1.0
[2026-09-30 14:41:15] [14/60] SF1 L2 Arm C Lauf 4 -- Restzeit ca. 2 h 28 min
[2026-09-30 14:41:20]   Arm C zurueckgesetzt (4.3 s).
[2026-09-30 14:41:20]   Container arm_mongodb neu gestartet (0.7 s).
[2026-09-30 14:44:21]   -> Durchsatz 2099.6 Ops/s, Median 1.907 ms, p95 2.595 ms, Operationen 251962, Fehler 0 (0.00%), geschrieben je Op 1.0
[2026-09-30 14:44:21] [15/60] SF1 L2 Arm C Lauf 5 -- Restzeit ca. 2 h 25 min
[2026-09-30 14:44:25]   Arm C zurueckgesetzt (4.3 s).
[2026-09-30 14:44:25]   Container arm_mongodb neu gestartet (0.6 s).
[2026-09-30 14:47:26]   -> Durchsatz 2141.9 Ops/s, Median 1.876 ms, p95 2.581 ms, Operationen 257035, Fehler 0 (0.00%), geschrieben je Op 1.0
[2026-09-30 14:47:26] [16/60] SF1 L3 Arm A Fan-out 10 Lauf 1 -- Restzeit ca. 2 h 22 min
[2026-09-30 14:47:29]   Arm A zurueckgesetzt (2.8 s).
[2026-09-30 14:47:29]   Container arm_postgres neu gestartet (0.6 s).
[2026-09-30 14:50:30]   -> Durchsatz 10533.9 Ops/s, Median 0.353 ms, p95 0.544 ms, Operationen 1264270, Fehler 0 (0.00%), geschrieben je Op 1.0
[2026-09-30 14:50:30] [17/60] SF1 L3 Arm A Fan-out 10 Lauf 2 -- Restzeit ca. 2 h 18 min
[2026-09-30 14:50:33]   Arm A zurueckgesetzt (2.8 s).
[2026-09-30 14:50:33]   Container arm_postgres neu gestartet (0.5 s).
[2026-09-30 14:53:34]   -> Durchsatz 10642.0 Ops/s, Median 0.351 ms, p95 0.536 ms, Operationen 1277227, Fehler 0 (0.00%), geschrieben je Op 1.0
[2026-09-30 14:53:34] [18/60] SF1 L3 Arm A Fan-out 10 Lauf 3 -- Restzeit ca. 2 h 15 min
[2026-09-30 14:53:37]   Arm A zurueckgesetzt (2.8 s).
[2026-09-30 14:53:37]   Container arm_postgres neu gestartet (0.5 s).
[2026-09-30 14:56:38]   -> Durchsatz 10569.8 Ops/s, Median 0.353 ms, p95 0.54 ms, Operationen 1268560, Fehler 0 (0.00%), geschrieben je Op 1.0
[2026-09-30 14:56:38] [19/60] SF1 L3 Arm A Fan-out 10 Lauf 4 -- Restzeit ca. 2 h 12 min
[2026-09-30 14:56:40]   Arm A zurueckgesetzt (2.8 s).
[2026-09-30 14:56:41]   Container arm_postgres neu gestartet (0.5 s).
[2026-09-30 14:59:42]   -> Durchsatz 10635.0 Ops/s, Median 0.35 ms, p95 0.537 ms, Operationen 1276371, Fehler 0 (0.00%), geschrieben je Op 1.0
[2026-09-30 14:59:42] [20/60] SF1 L3 Arm A Fan-out 10 Lauf 5 -- Restzeit ca. 2 h 08 min
[2026-09-30 14:59:44]   Arm A zurueckgesetzt (2.7 s).
[2026-09-30 14:59:45]   Container arm_postgres neu gestartet (0.5 s).
[2026-09-30 15:02:45]   -> Durchsatz 10854.4 Ops/s, Median 0.35 ms, p95 0.51 ms, Operationen 1302740, Fehler 0 (0.00%), geschrieben je Op 1.0
[2026-09-30 15:02:45] [21/60] SF1 L3 Arm A Fan-out 100 Lauf 1 -- Restzeit ca. 2 h 05 min
[2026-09-30 15:02:48]   Arm A zurueckgesetzt (2.7 s).
[2026-09-30 15:02:49]   Container arm_postgres neu gestartet (0.5 s).
[2026-09-30 15:05:49]   -> Durchsatz 10893.1 Ops/s, Median 0.346 ms, p95 0.503 ms, Operationen 1307399, Fehler 0 (0.00%), geschrieben je Op 1.0
[2026-09-30 15:05:49] [22/60] SF1 L3 Arm A Fan-out 100 Lauf 2 -- Restzeit ca. 2 h 02 min
[2026-09-30 15:05:52]   Arm A zurueckgesetzt (2.8 s).
[2026-09-30 15:05:52]   Container arm_postgres neu gestartet (0.5 s).
[2026-09-30 15:08:53]   -> Durchsatz 10853.1 Ops/s, Median 0.35 ms, p95 0.509 ms, Operationen 1302573, Fehler 0 (0.00%), geschrieben je Op 1.0
[2026-09-30 15:08:53] [23/60] SF1 L3 Arm A Fan-out 100 Lauf 3 -- Restzeit ca. 1 h 59 min
[2026-09-30 15:08:56]   Arm A zurueckgesetzt (2.7 s).
[2026-09-30 15:08:56]   Container arm_postgres neu gestartet (0.5 s).
[2026-09-30 15:11:57]   -> Durchsatz 10912.5 Ops/s, Median 0.348 ms, p95 0.505 ms, Operationen 1309705, Fehler 0 (0.00%), geschrieben je Op 1.0
[2026-09-30 15:11:57] [24/60] SF1 L3 Arm A Fan-out 100 Lauf 4 -- Restzeit ca. 1 h 55 min
[2026-09-30 15:12:00]   Arm A zurueckgesetzt (2.7 s).
[2026-09-30 15:12:00]   Container arm_postgres neu gestartet (0.5 s).
[2026-09-30 15:15:01]   -> Durchsatz 10905.5 Ops/s, Median 0.348 ms, p95 0.507 ms, Operationen 1308887, Fehler 0 (0.00%), geschrieben je Op 1.0
[2026-09-30 15:15:01] [25/60] SF1 L3 Arm A Fan-out 100 Lauf 5 -- Restzeit ca. 1 h 52 min
[2026-09-30 15:15:03]   Arm A zurueckgesetzt (2.8 s).
[2026-09-30 15:15:04]   Container arm_postgres neu gestartet (0.5 s).
[2026-09-30 15:18:04]   -> Durchsatz 10824.9 Ops/s, Median 0.351 ms, p95 0.508 ms, Operationen 1299171, Fehler 0 (0.00%), geschrieben je Op 1.0
[2026-09-30 15:18:04] [26/60] SF1 L3 Arm A Fan-out 1000 Lauf 1 -- Restzeit ca. 1 h 49 min
[2026-09-30 15:18:07]   Arm A zurueckgesetzt (2.7 s).
[2026-09-30 15:18:08]   Container arm_postgres neu gestartet (0.5 s).
[2026-09-30 15:21:08]   -> Durchsatz 10830.2 Ops/s, Median 0.348 ms, p95 0.506 ms, Operationen 1299845, Fehler 0 (0.00%), geschrieben je Op 1.0
[2026-09-30 15:21:08] [27/60] SF1 L3 Arm A Fan-out 1000 Lauf 2 -- Restzeit ca. 1 h 46 min
[2026-09-30 15:21:11]   Arm A zurueckgesetzt (2.8 s).
[2026-09-30 15:21:11]   Container arm_postgres neu gestartet (0.5 s).
[2026-09-30 15:24:12]   -> Durchsatz 10870.5 Ops/s, Median 0.35 ms, p95 0.507 ms, Operationen 1304640, Fehler 0 (0.00%), geschrieben je Op 1.0
[2026-09-30 15:24:12] [28/60] SF1 L3 Arm A Fan-out 1000 Lauf 3 -- Restzeit ca. 1 h 43 min
[2026-09-30 15:24:15]   Arm A zurueckgesetzt (2.8 s).
[2026-09-30 15:24:15]   Container arm_postgres neu gestartet (0.5 s).
[2026-09-30 15:27:16]   -> Durchsatz 10863.8 Ops/s, Median 0.352 ms, p95 0.507 ms, Operationen 1303845, Fehler 0 (0.00%), geschrieben je Op 1.0
[2026-09-30 15:27:16] [29/60] SF1 L3 Arm A Fan-out 1000 Lauf 4 -- Restzeit ca. 1 h 39 min
[2026-09-30 15:27:19]   Arm A zurueckgesetzt (2.7 s).
[2026-09-30 15:27:19]   Container arm_postgres neu gestartet (0.5 s).
[2026-09-30 15:30:20]   -> Durchsatz 10808.2 Ops/s, Median 0.35 ms, p95 0.51 ms, Operationen 1297167, Fehler 0 (0.00%), geschrieben je Op 1.0
[2026-09-30 15:30:20] [30/60] SF1 L3 Arm A Fan-out 1000 Lauf 5 -- Restzeit ca. 1 h 36 min
[2026-09-30 15:30:22]   Arm A zurueckgesetzt (2.8 s).
[2026-09-30 15:30:23]   Container arm_postgres neu gestartet (0.5 s).
[2026-09-30 15:33:23]   -> Durchsatz 10926.5 Ops/s, Median 0.346 ms, p95 0.502 ms, Operationen 1311362, Fehler 0 (0.00%), geschrieben je Op 1.0
[2026-09-30 15:33:23] [31/60] SF1 L3 Arm B Fan-out 10 Lauf 1 -- Restzeit ca. 1 h 33 min
[2026-09-30 15:33:39]   Arm B zurueckgesetzt (15.9 s).
[2026-09-30 15:33:40]   Container arm_mongodb neu gestartet (0.5 s).
[2026-09-30 15:36:41]   -> Durchsatz 8330.2 Ops/s, Median 0.439 ms, p95 0.822 ms, Operationen 999715, Fehler 0 (0.00%), geschrieben je Op 1.0
[2026-09-30 15:36:41] [32/60] SF1 L3 Arm B Fan-out 10 Lauf 2 -- Restzeit ca. 1 h 30 min
[2026-09-30 15:36:56]   Arm B zurueckgesetzt (15.7 s).
[2026-09-30 15:36:57]   Container arm_mongodb neu gestartet (0.5 s).
[2026-09-30 15:39:57]   -> Durchsatz 8332.8 Ops/s, Median 0.44 ms, p95 0.818 ms, Operationen 1000035, Fehler 0 (0.00%), geschrieben je Op 1.0
[2026-09-30 15:39:57] [33/60] SF1 L3 Arm B Fan-out 10 Lauf 3 -- Restzeit ca. 1 h 27 min
[2026-09-30 15:40:13]   Arm B zurueckgesetzt (15.9 s).
[2026-09-30 15:40:14]   Container arm_mongodb neu gestartet (0.6 s).
[2026-09-30 15:43:14]   -> Durchsatz 8029.5 Ops/s, Median 0.462 ms, p95 0.838 ms, Operationen 963637, Fehler 0 (0.00%), geschrieben je Op 1.0
[2026-09-30 15:43:14] [34/60] SF1 L3 Arm B Fan-out 10 Lauf 4 -- Restzeit ca. 1 h 24 min
[2026-09-30 15:43:30]   Arm B zurueckgesetzt (15.6 s).
[2026-09-30 15:43:31]   Container arm_mongodb neu gestartet (0.6 s).
[2026-09-30 15:46:31]   -> Durchsatz 8488.4 Ops/s, Median 0.422 ms, p95 0.812 ms, Operationen 1018701, Fehler 0 (0.00%), geschrieben je Op 1.0
[2026-09-30 15:46:31] [35/60] SF1 L3 Arm B Fan-out 10 Lauf 5 -- Restzeit ca. 1 h 21 min
[2026-09-30 15:46:47]   Arm B zurueckgesetzt (15.7 s).
[2026-09-30 15:46:47]   Container arm_mongodb neu gestartet (0.5 s).
[2026-09-30 15:49:48]   -> Durchsatz 8403.9 Ops/s, Median 0.433 ms, p95 0.813 ms, Operationen 1008564, Fehler 0 (0.00%), geschrieben je Op 1.0
[2026-09-30 15:49:48] [36/60] SF1 L3 Arm B Fan-out 100 Lauf 1 -- Restzeit ca. 1 h 18 min
[2026-09-30 15:50:04]   Arm B zurueckgesetzt (16.1 s).
[2026-09-30 15:50:05]   Container arm_mongodb neu gestartet (0.5 s).
[2026-09-30 15:53:05]   -> Durchsatz 8164.6 Ops/s, Median 0.453 ms, p95 0.827 ms, Operationen 979842, Fehler 0 (0.00%), geschrieben je Op 1.0
[2026-09-30 15:53:05] [37/60] SF1 L3 Arm B Fan-out 100 Lauf 2 -- Restzeit ca. 1 h 15 min
[2026-09-30 15:53:21]   Arm B zurueckgesetzt (15.6 s).
[2026-09-30 15:53:21]   Container arm_mongodb neu gestartet (0.5 s).
[2026-09-30 15:56:22]   -> Durchsatz 8447.9 Ops/s, Median 0.427 ms, p95 0.813 ms, Operationen 1013857, Fehler 0 (0.00%), geschrieben je Op 1.0
[2026-09-30 15:56:22] [38/60] SF1 L3 Arm B Fan-out 100 Lauf 3 -- Restzeit ca. 1 h 12 min
[2026-09-30 15:56:37]   Arm B zurueckgesetzt (15.6 s).
[2026-09-30 15:56:39]   Container arm_mongodb neu gestartet (1.6 s).
[2026-09-30 15:59:40]   -> Durchsatz 8167.6 Ops/s, Median 0.45 ms, p95 0.833 ms, Operationen 980216, Fehler 0 (0.00%), geschrieben je Op 1.0
[2026-09-30 15:59:40] [39/60] SF1 L3 Arm B Fan-out 100 Lauf 4 -- Restzeit ca. 1 h 09 min
[2026-09-30 15:59:55]   Arm B zurueckgesetzt (15.7 s).
[2026-09-30 15:59:56]   Container arm_mongodb neu gestartet (0.5 s).
[2026-09-30 16:02:56]   -> Durchsatz 8207.7 Ops/s, Median 0.448 ms, p95 0.831 ms, Operationen 985012, Fehler 0 (0.00%), geschrieben je Op 1.0
[2026-09-30 16:02:56] [40/60] SF1 L3 Arm B Fan-out 100 Lauf 5 -- Restzeit ca. 1 h 06 min
[2026-09-30 16:03:12]   Arm B zurueckgesetzt (15.7 s).
[2026-09-30 16:03:13]   Container arm_mongodb neu gestartet (0.5 s).
[2026-09-30 16:06:13]   -> Durchsatz 8407.6 Ops/s, Median 0.429 ms, p95 0.817 ms, Operationen 1009009, Fehler 0 (0.00%), geschrieben je Op 1.0
[2026-09-30 16:06:13] [41/60] SF1 L3 Arm B Fan-out 1000 Lauf 1 -- Restzeit ca. 1 h 03 min
[2026-09-30 16:06:29]   Arm B zurueckgesetzt (15.6 s).
[2026-09-30 16:06:29]   Container arm_mongodb neu gestartet (0.6 s).
[2026-09-30 16:09:30]   -> Durchsatz 8050.4 Ops/s, Median 0.46 ms, p95 0.839 ms, Operationen 966142, Fehler 0 (0.00%), geschrieben je Op 1.0
[2026-09-30 16:09:30] [42/60] SF1 L3 Arm B Fan-out 1000 Lauf 2 -- Restzeit ca. 1 h 00 min
[2026-09-30 16:09:45]   Arm B zurueckgesetzt (15.6 s).
[2026-09-30 16:09:46]   Container arm_mongodb neu gestartet (0.6 s).
[2026-09-30 16:12:46]   -> Durchsatz 8193.8 Ops/s, Median 0.452 ms, p95 0.823 ms, Operationen 983353, Fehler 0 (0.00%), geschrieben je Op 1.0
[2026-09-30 16:12:46] [43/60] SF1 L3 Arm B Fan-out 1000 Lauf 3 -- Restzeit ca. 0 h 57 min
[2026-09-30 16:13:02]   Arm B zurueckgesetzt (15.7 s).
[2026-09-30 16:13:03]   Container arm_mongodb neu gestartet (0.6 s).
[2026-09-30 16:16:03]   -> Durchsatz 8332.1 Ops/s, Median 0.438 ms, p95 0.821 ms, Operationen 999944, Fehler 0 (0.00%), geschrieben je Op 1.0
[2026-09-30 16:16:03] [44/60] SF1 L3 Arm B Fan-out 1000 Lauf 4 -- Restzeit ca. 0 h 54 min
[2026-09-30 16:16:19]   Arm B zurueckgesetzt (15.6 s).
[2026-09-30 16:16:19]   Container arm_mongodb neu gestartet (0.6 s).
[2026-09-30 16:19:20]   -> Durchsatz 8393.6 Ops/s, Median 0.43 ms, p95 0.817 ms, Operationen 1007347, Fehler 0 (0.00%), geschrieben je Op 1.0
[2026-09-30 16:19:20] [45/60] SF1 L3 Arm B Fan-out 1000 Lauf 5 -- Restzeit ca. 0 h 51 min
[2026-09-30 16:19:36]   Arm B zurueckgesetzt (15.7 s).
[2026-09-30 16:19:36]   Container arm_mongodb neu gestartet (0.6 s).
[2026-09-30 16:22:37]   -> Durchsatz 8399.1 Ops/s, Median 0.431 ms, p95 0.816 ms, Operationen 1007990, Fehler 0 (0.00%), geschrieben je Op 1.0
[2026-09-30 16:22:37] [46/60] SF1 L3 Arm C Fan-out 10 Lauf 1 -- Restzeit ca. 0 h 47 min
[2026-09-30 16:22:41]   Arm C zurueckgesetzt (4.3 s).
[2026-09-30 16:22:42]   Container arm_mongodb neu gestartet (0.5 s).
[2026-09-30 16:25:42]   -> Durchsatz 3551.8 Ops/s, Median 1.115 ms, p95 1.501 ms, Operationen 426236, Fehler 0 (0.00%), geschrieben je Op 11.0
[2026-09-30 16:25:42] [47/60] SF1 L3 Arm C Fan-out 10 Lauf 2 -- Restzeit ca. 0 h 44 min
[2026-09-30 16:25:47]   Arm C zurueckgesetzt (4.3 s).
[2026-09-30 16:25:47]   Container arm_mongodb neu gestartet (0.5 s).
[2026-09-30 16:28:48]   -> Durchsatz 3569.8 Ops/s, Median 1.109 ms, p95 1.48 ms, Operationen 428398, Fehler 0 (0.00%), geschrieben je Op 11.0
[2026-09-30 16:28:48] [48/60] SF1 L3 Arm C Fan-out 10 Lauf 3 -- Restzeit ca. 0 h 41 min
[2026-09-30 16:28:52]   Arm C zurueckgesetzt (4.5 s).
[2026-09-30 16:28:53]   Container arm_mongodb neu gestartet (0.5 s).
[2026-09-30 16:31:53]   -> Durchsatz 3521.9 Ops/s, Median 1.123 ms, p95 1.501 ms, Operationen 422643, Fehler 0 (0.00%), geschrieben je Op 11.0
[2026-09-30 16:31:53] [49/60] SF1 L3 Arm C Fan-out 10 Lauf 4 -- Restzeit ca. 0 h 38 min
[2026-09-30 16:31:58]   Arm C zurueckgesetzt (4.3 s).
[2026-09-30 16:31:58]   Container arm_mongodb neu gestartet (0.5 s).
[2026-09-30 16:34:59]   -> Durchsatz 3567.3 Ops/s, Median 1.112 ms, p95 1.491 ms, Operationen 428100, Fehler 0 (0.00%), geschrieben je Op 11.0
[2026-09-30 16:34:59] [50/60] SF1 L3 Arm C Fan-out 10 Lauf 5 -- Restzeit ca. 0 h 35 min
[2026-09-30 16:35:03]   Arm C zurueckgesetzt (4.3 s).
[2026-09-30 16:35:04]   Container arm_mongodb neu gestartet (0.5 s).
[2026-09-30 16:38:04]   -> Durchsatz 3529.2 Ops/s, Median 1.121 ms, p95 1.497 ms, Operationen 423527, Fehler 0 (0.00%), geschrieben je Op 11.0
[2026-09-30 16:38:04] [51/60] SF1 L3 Arm C Fan-out 100 Lauf 1 -- Restzeit ca. 0 h 32 min
[2026-09-30 16:38:08]   Arm C zurueckgesetzt (4.3 s).
[2026-09-30 16:38:09]   Container arm_mongodb neu gestartet (0.5 s).
[2026-09-30 16:41:10]   -> Durchsatz 2394.8 Ops/s, Median 1.657 ms, p95 2.014 ms, Operationen 287387, Fehler 0 (0.00%), geschrieben je Op 100.9
[2026-09-30 16:41:10] [52/60] SF1 L3 Arm C Fan-out 100 Lauf 2 -- Restzeit ca. 0 h 28 min
[2026-09-30 16:41:14]   Arm C zurueckgesetzt (4.3 s).
[2026-09-30 16:41:14]   Container arm_mongodb neu gestartet (0.5 s).
[2026-09-30 16:44:15]   -> Durchsatz 2365.5 Ops/s, Median 1.675 ms, p95 2.039 ms, Operationen 283874, Fehler 0 (0.00%), geschrieben je Op 100.9
[2026-09-30 16:44:15] [53/60] SF1 L3 Arm C Fan-out 100 Lauf 3 -- Restzeit ca. 0 h 25 min
[2026-09-30 16:44:19]   Arm C zurueckgesetzt (4.4 s).
[2026-09-30 16:44:20]   Container arm_mongodb neu gestartet (0.6 s).
[2026-09-30 16:47:20]   -> Durchsatz 2390.3 Ops/s, Median 1.659 ms, p95 2.017 ms, Operationen 286841, Fehler 0 (0.00%), geschrieben je Op 100.9
[2026-09-30 16:47:20] [54/60] SF1 L3 Arm C Fan-out 100 Lauf 4 -- Restzeit ca. 0 h 22 min
[2026-09-30 16:47:25]   Arm C zurueckgesetzt (4.4 s).
[2026-09-30 16:47:25]   Container arm_mongodb neu gestartet (0.6 s).
[2026-09-30 16:50:26]   -> Durchsatz 2382.7 Ops/s, Median 1.664 ms, p95 2.027 ms, Operationen 285931, Fehler 0 (0.00%), geschrieben je Op 100.9
[2026-09-30 16:50:26] [55/60] SF1 L3 Arm C Fan-out 100 Lauf 5 -- Restzeit ca. 0 h 19 min
[2026-09-30 16:50:30]   Arm C zurueckgesetzt (4.5 s).
[2026-09-30 16:50:31]   Container arm_mongodb neu gestartet (0.6 s).
[2026-09-30 16:53:32]   -> Durchsatz 2383.0 Ops/s, Median 1.665 ms, p95 2.026 ms, Operationen 285971, Fehler 0 (0.00%), geschrieben je Op 100.9
[2026-09-30 16:53:32] [56/60] SF1 L3 Arm C Fan-out 1000 Lauf 1 -- Restzeit ca. 0 h 16 min
[2026-09-30 16:53:36]   Arm C zurueckgesetzt (4.5 s).
[2026-09-30 16:53:37]   Container arm_mongodb neu gestartet (0.6 s).
[2026-09-30 16:56:37]   -> Durchsatz 384.9 Ops/s, Median 10.26 ms, p95 12.453 ms, Operationen 46196, Fehler 0 (0.00%), geschrieben je Op 1000.0
[2026-09-30 16:56:37] [57/60] SF1 L3 Arm C Fan-out 1000 Lauf 2 -- Restzeit ca. 0 h 13 min
[2026-09-30 16:56:42]   Arm C zurueckgesetzt (4.4 s).
[2026-09-30 16:56:43]   Container arm_mongodb neu gestartet (1.8 s).
[2026-09-30 16:59:44]   -> Durchsatz 391.8 Ops/s, Median 10.093 ms, p95 12.288 ms, Operationen 47015, Fehler 0 (0.00%), geschrieben je Op 999.9
[2026-09-30 16:59:44] [58/60] SF1 L3 Arm C Fan-out 1000 Lauf 3 -- Restzeit ca. 0 h 09 min
[2026-09-30 16:59:48]   Arm C zurueckgesetzt (4.4 s).
[2026-09-30 16:59:49]   Container arm_mongodb neu gestartet (0.6 s).
[2026-09-30 17:02:49]   -> Durchsatz 393.8 Ops/s, Median 10.077 ms, p95 12.15 ms, Operationen 47263, Fehler 0 (0.00%), geschrieben je Op 999.7
[2026-09-30 17:02:49] [59/60] SF1 L3 Arm C Fan-out 1000 Lauf 4 -- Restzeit ca. 0 h 06 min
[2026-09-30 17:02:54]   Arm C zurueckgesetzt (4.4 s).
[2026-09-30 17:02:54]   Container arm_mongodb neu gestartet (0.6 s).
[2026-09-30 17:05:54]   -> Durchsatz 386.7 Ops/s, Median 10.241 ms, p95 12.768 ms, Operationen 46410, Fehler 0 (0.00%), geschrieben je Op 999.8
[2026-09-30 17:05:54] [60/60] SF1 L3 Arm C Fan-out 1000 Lauf 5 -- Restzeit ca. 0 h 03 min
[2026-09-30 17:05:59]   Arm C zurueckgesetzt (4.4 s).
[2026-09-30 17:05:59]   Container arm_mongodb neu gestartet (0.6 s).
[2026-09-30 17:09:00]   -> Durchsatz 387.0 Ops/s, Median 10.264 ms, p95 12.432 ms, Operationen 46443, Fehler 0 (0.00%), geschrieben je Op 1000.0
[2026-09-30 17:09:00] Abschliessendes Zuruecksetzen von SF1 ...
[2026-09-30 17:09:05]   Arm A zurueckgesetzt (2.7 s).
[2026-09-30 17:09:21]   Arm B zurueckgesetzt (16.3 s).
[2026-09-30 17:09:25]   Arm C zurueckgesetzt (4.5 s).
[2026-09-30 17:09:27]   Arm A: sauber
[2026-09-30 17:09:27]   Arm B: sauber
[2026-09-30 17:09:27]   Arm C: sauber
[2026-09-30 17:09:27] ========================================================================
[2026-09-30 17:09:27] Zusammenfassung: 60 von 60 offenen Laeufen bearbeitet in 3 h 09 min.
[2026-09-30 17:09:27]   Zuruecksetzen Arm A: 20x, Median 2.8 s
[2026-09-30 17:09:27]   Zuruecksetzen Arm B: 20x, Median 15.7 s
[2026-09-30 17:09:27]   Zuruecksetzen Arm C: 20x, Median 4.4 s
[2026-09-30 17:09:27] Keine Fehler.
[2026-10-01 12:37:20] ========================================================================
[2026-10-01 12:37:20] run_all.py gestartet: --nur-sf1 --profil L4
[2026-10-01 12:37:20] Modus: Messreihe; 60 s aufwaermen, 120 s messen, 4 Clients, Laufnummern [1, 2, 3, 4, 5]
[2026-10-01 12:37:20] Plan: 30 Laeufe, davon 10 bereits in messungen.csv, 20 offen.
[2026-10-01 12:37:20] WARNUNG: Fremdlast 36,7 % CPU: syspolicyd
[2026-10-01 12:37:20] ------------------------------------------------------------------------
[2026-10-01 12:37:20] Block SF1: 20 offene Laeufe
[2026-10-01 12:37:20] Pruefe, welche Datenmenge geladen ist ...
[2026-10-01 12:37:20]   geladen: unbekannt
[2026-10-01 12:37:20] Lade SF1 in alle drei Datenbanken (load_data.py --drop) ...
[2026-10-01 12:37:20] !!!!!!!!!!!!!!!!!!!!!!!!!!!!!!!!!!!!!!!!!!!!!!!!!!!!!!!!!!!!!!!!!!!!!!!!
[2026-10-01 12:37:20] !!! FEHLER: ABBRUCH: Befehl fehlgeschlagen (Code 1): docker exec arm_postgres rm -f /tmp/arm_a.dump /tmp/dump_sf.txt
Error response from daemon: container 58a8a0f3cc32e578704a47f079da82b8108920a8dbe8c0c28d5ee4c5c05bdf48 is not running
[2026-10-01 12:37:20] !!!!!!!!!!!!!!!!!!!!!!!!!!!!!!!!!!!!!!!!!!!!!!!!!!!!!!!!!!!!!!!!!!!!!!!!
[2026-10-01 12:37:20] ========================================================================
[2026-10-01 12:37:20] Zusammenfassung: 0 von 20 offenen Laeufen bearbeitet in 0 h 00 min.
[2026-10-01 12:37:20] FEHLER (1):
[2026-10-01 12:37:20]   - Messreihe: abgebrochen: Befehl fehlgeschlagen (Code 1): docker exec arm_postgres rm -f /tmp/arm_a.dump /tmp/dump_sf.txt
[2026-10-01 12:38:43] ========================================================================
[2026-10-01 12:38:43] run_all.py gestartet: --nur-sf1 --profil L4
[2026-10-01 12:38:43] Modus: Messreihe; 60 s aufwaermen, 120 s messen, 4 Clients, Laufnummern [1, 2, 3, 4, 5]
[2026-10-01 12:38:43] Plan: 30 Laeufe, davon 10 bereits in messungen.csv, 20 offen.
[2026-10-01 12:38:43] ------------------------------------------------------------------------
[2026-10-01 12:38:43] Block SF1: 20 offene Laeufe
[2026-10-01 12:38:43] Pruefe, welche Datenmenge geladen ist ...
[2026-10-01 12:38:44]   geladen: SF1
[2026-10-01 12:38:44] Pruefe Bestand (Anzahlen, Anschriften) ...
[2026-10-01 12:38:46]   Arm A: sauber
[2026-10-01 12:38:46]   Arm B: sauber
[2026-10-01 12:38:46]   Arm C: sauber
[2026-10-01 12:38:46] [1/20] SF1 L4-Q1 Arm B Lauf 1 -- Restzeit ca. 1 h 03 min
[2026-10-01 12:38:46]   Container arm_mongodb neu gestartet (0.6 s).
[2026-10-01 12:41:47]   -> Durchsatz 30.1 Ops/s, Median 132.881 ms, p95 140.549 ms, Operationen 3611, Fehler 0 (0.00%)
[2026-10-01 12:41:47] [2/20] SF1 L4-Q1 Arm B Lauf 2 -- Restzeit ca. 0 h 57 min
[2026-10-01 12:44:48]   -> Durchsatz 29.8 Ops/s, Median 133.151 ms, p95 143.875 ms, Operationen 3579, Fehler 0 (0.00%)
[2026-10-01 12:44:48] [3/20] SF1 L4-Q1 Arm B Lauf 3 -- Restzeit ca. 0 h 54 min
[2026-10-01 12:47:49]   -> Durchsatz 30.1 Ops/s, Median 132.749 ms, p95 141.02 ms, Operationen 3612, Fehler 0 (0.00%)
[2026-10-01 12:47:49] [4/20] SF1 L4-Q1 Arm B Lauf 4 -- Restzeit ca. 0 h 51 min
[2026-10-01 12:50:50]   -> Durchsatz 29.7 Ops/s, Median 134.208 ms, p95 144.703 ms, Operationen 3563, Fehler 0 (0.00%)
[2026-10-01 12:50:50] [5/20] SF1 L4-Q1 Arm B Lauf 5 -- Restzeit ca. 0 h 48 min
[2026-10-01 12:53:50]   -> Durchsatz 30.0 Ops/s, Median 132.894 ms, p95 141.639 ms, Operationen 3605, Fehler 0 (0.00%)
[2026-10-01 12:53:50] [6/20] SF1 L4-Q2 Arm B Lauf 1 -- Restzeit ca. 0 h 45 min
[2026-10-01 12:56:51]   -> Durchsatz 135.1 Ops/s, Median 27.545 ms, p95 42.243 ms, Operationen 16216, Fehler 0 (0.00%)
[2026-10-01 12:56:51] [7/20] SF1 L4-Q2 Arm B Lauf 2 -- Restzeit ca. 0 h 42 min
[2026-10-01 13:00:23]     | Fehler: _OperationCancelled: operation cancelled
[2026-10-01 13:00:23]     | Fehler: _OperationCancelled: operation cancelled
[2026-10-01 13:00:23]     | Fehler: _OperationCancelled: operation cancelled
[2026-10-01 13:00:23]     | Fehler: _OperationCancelled: operation cancelled
[2026-10-01 13:00:23]     | Fehler: ServerSelectionTimeoutError: localhost:27017: [Errno 54] Connection reset by peer (configured timeouts: socketTimeoutMS: 20000.0ms, connectTimeoutMS: 20000.0ms), Timeout: 30s, Topology Description: <TopologyDescription id: 6abe3c73bb453228a2e24cb7, topology_type: Single, servers: [<ServerDescription ('localhost', 27017) server_type: Unknown, rtt: None, error=AutoReconnect('localhost:27017: [Errno 54] Connection reset by peer (configured timeouts: socketTimeoutMS: 20000.0ms, connectTimeoutMS: 20000.0ms)')>]>
[2026-10-01 13:00:23]     | Fehler: ServerSelectionTimeoutError: localhost:27017: [Errno 54] Connection reset by peer (configured timeouts: socketTimeoutMS: 20000.0ms, connectTimeoutMS: 20000.0ms), Timeout: 30s, Topology Description: <TopologyDescription id: 6abe3c73bb453228a2e24cba, topology_type: Single, servers: [<ServerDescription ('localhost', 27017) server_type: Unknown, rtt: None, error=AutoReconnect('localhost:27017: [Errno 54] Connection reset by peer (configured timeouts: socketTimeoutMS: 20000.0ms, connectTimeoutMS: 20000.0ms)')>]>
[2026-10-01 13:00:23]     | Fehler: ServerSelectionTimeoutError: localhost:27017: [Errno 54] Connection reset by peer (configured timeouts: socketTimeoutMS: 20000.0ms, connectTimeoutMS: 20000.0ms), Timeout: 30s, Topology Description: <TopologyDescription id: 6abe3c73bb453228a2e24cb9, topology_type: Single, servers: [<ServerDescription ('localhost', 27017) server_type: Unknown, rtt: None, error=AutoReconnect('localhost:27017: [Errno 54] Connection reset by peer (configured timeouts: socketTimeoutMS: 20000.0ms, connectTimeoutMS: 20000.0ms)')>]>
[2026-10-01 13:00:23]     | Fehler: ServerSelectionTimeoutError: localhost:27017: [Errno 54] Connection reset by peer (configured timeouts: socketTimeoutMS: 20000.0ms, connectTimeoutMS: 20000.0ms), Timeout: 30s, Topology Description: <TopologyDescription id: 6abe3c73bb453228a2e24cb8, topology_type: Single, servers: [<ServerDescription ('localhost', 27017) server_type: Unknown, rtt: None, error=AutoReconnect('localhost:27017: [Errno 54] Connection reset by peer (configured timeouts: socketTimeoutMS: 20000.0ms, connectTimeoutMS: 20000.0ms)')>]>
[2026-10-01 13:00:23]   -> Durchsatz 0.0 Ops/s, Median 0 ms, p95 0.0 ms, Operationen 0, Fehler 16 (100.00%)
[2026-10-01 13:00:23]   Mehr als 1 % Fehler: SF1 L4-Q2 Arm B Lauf 2 wird einmal wiederholt (beide Zeilen bleiben in messungen.csv).
[2026-10-01 13:03:25]     | Fehler: ServerSelectionTimeoutError: localhost:27017: [Errno 54] Connection reset by peer (configured timeouts: socketTimeoutMS: 20000.0ms, connectTimeoutMS: 20000.0ms), Timeout: 30s, Topology Description: <TopologyDescription id: 6abe3d4767c8136dea0bcf6a, topology_type: Unknown, servers: [<ServerDescription ('localhost', 27017) server_type: Unknown, rtt: None, error=AutoReconnect('localhost:27017: [Errno 54] Connection reset by peer (configured timeouts: socketTimeoutMS: 20000.0ms, connectTimeoutMS: 20000.0ms)')>]>
[2026-10-01 13:03:25]     | Fehler: ServerSelectionTimeoutError: localhost:27017: [Errno 54] Connection reset by peer (configured timeouts: socketTimeoutMS: 20000.0ms, connectTimeoutMS: 20000.0ms), Timeout: 30s, Topology Description: <TopologyDescription id: 6abe3d4767c8136dea0bcf6c, topology_type: Unknown, servers: [<ServerDescription ('localhost', 27017) server_type: Unknown, rtt: None, error=AutoReconnect('localhost:27017: [Errno 54] Connection reset by peer (configured timeouts: socketTimeoutMS: 20000.0ms, connectTimeoutMS: 20000.0ms)')>]>
[2026-10-01 13:03:25]     | Fehler: ServerSelectionTimeoutError: localhost:27017: [Errno 54] Connection reset by peer (configured timeouts: socketTimeoutMS: 20000.0ms, connectTimeoutMS: 20000.0ms), Timeout: 30s, Topology Description: <TopologyDescription id: 6abe3d4767c8136dea0bcf6d, topology_type: Unknown, servers: [<ServerDescription ('localhost', 27017) server_type: Unknown, rtt: None, error=AutoReconnect('localhost:27017: [Errno 54] Connection reset by peer (configured timeouts: socketTimeoutMS: 20000.0ms, connectTimeoutMS: 20000.0ms)')>]>
[2026-10-01 13:03:25]     | Fehler: ServerSelectionTimeoutError: localhost:27017: [Errno 54] Connection reset by peer (configured timeouts: socketTimeoutMS: 20000.0ms, connectTimeoutMS: 20000.0ms), Timeout: 30s, Topology Description: <TopologyDescription id: 6abe3d4767c8136dea0bcf6b, topology_type: Unknown, servers: [<ServerDescription ('localhost', 27017) server_type: Unknown, rtt: None, error=AutoReconnect('localhost:27017: [Errno 54] Connection reset by peer (configured timeouts: socketTimeoutMS: 20000.0ms, connectTimeoutMS: 20000.0ms)')>]>
[2026-10-01 13:03:25]     | Fehler: ServerSelectionTimeoutError: localhost:27017: [Errno 54] Connection reset by peer (configured timeouts: socketTimeoutMS: 20000.0ms, connectTimeoutMS: 20000.0ms), Timeout: 30s, Topology Description: <TopologyDescription id: 6abe3d4767c8136dea0bcf6c, topology_type: Unknown, servers: [<ServerDescription ('localhost', 27017) server_type: Unknown, rtt: None, error=AutoReconnect('localhost:27017: [Errno 54] Connection reset by peer (configured timeouts: socketTimeoutMS: 20000.0ms, connectTimeoutMS: 20000.0ms)')>]>
[2026-10-01 13:03:25]     | Fehler: ServerSelectionTimeoutError: localhost:27017: [Errno 54] Connection reset by peer (configured timeouts: socketTimeoutMS: 20000.0ms, connectTimeoutMS: 20000.0ms), Timeout: 30s, Topology Description: <TopologyDescription id: 6abe3d4767c8136dea0bcf6b, topology_type: Unknown, servers: [<ServerDescription ('localhost', 27017) server_type: Unknown, rtt: None, error=AutoReconnect('localhost:27017: [Errno 54] Connection reset by peer (configured timeouts: socketTimeoutMS: 20000.0ms, connectTimeoutMS: 20000.0ms)')>]>
[2026-10-01 13:03:25]     | Fehler: ServerSelectionTimeoutError: localhost:27017: [Errno 54] Connection reset by peer (configured timeouts: socketTimeoutMS: 20000.0ms, connectTimeoutMS: 20000.0ms), Timeout: 30s, Topology Description: <TopologyDescription id: 6abe3d4767c8136dea0bcf6d, topology_type: Unknown, servers: [<ServerDescription ('localhost', 27017) server_type: Unknown, rtt: None, error=AutoReconnect('localhost:27017: [Errno 54] Connection reset by peer (configured timeouts: socketTimeoutMS: 20000.0ms, connectTimeoutMS: 20000.0ms)')>]>
[2026-10-01 13:03:25]     | Fehler: ServerSelectionTimeoutError: localhost:27017: [Errno 54] Connection reset by peer (configured timeouts: socketTimeoutMS: 20000.0ms, connectTimeoutMS: 20000.0ms), Timeout: 30s, Topology Description: <TopologyDescription id: 6abe3d4767c8136dea0bcf6a, topology_type: Unknown, servers: [<ServerDescription ('localhost', 27017) server_type: Unknown, rtt: None, error=AutoReconnect('localhost:27017: [Errno 54] Connection reset by peer (configured timeouts: socketTimeoutMS: 20000.0ms, connectTimeoutMS: 20000.0ms)')>]>
[2026-10-01 13:03:25]   -> Durchsatz 0.0 Ops/s, Median 0 ms, p95 0.0 ms, Operationen 0, Fehler 16 (100.00%)
[2026-10-01 13:03:25] !!!!!!!!!!!!!!!!!!!!!!!!!!!!!!!!!!!!!!!!!!!!!!!!!!!!!!!!!!!!!!!!!!!!!!!!
[2026-10-01 13:03:25] !!! FEHLER: SF1 L4-Q2 Arm B Lauf 2: keine Operation im Messfenster.
[2026-10-01 13:03:25] !!!!!!!!!!!!!!!!!!!!!!!!!!!!!!!!!!!!!!!!!!!!!!!!!!!!!!!!!!!!!!!!!!!!!!!!
[2026-10-01 13:03:25] [8/20] SF1 L4-Q2 Arm B Lauf 3 -- Restzeit ca. 0 h 46 min
[2026-10-01 13:06:27]     | Fehler: ServerSelectionTimeoutError: localhost:27017: [Errno 54] Connection reset by peer (configured timeouts: socketTimeoutMS: 20000.0ms, connectTimeoutMS: 20000.0ms), Timeout: 30s, Topology Description: <TopologyDescription id: 6abe3dfe3676aad837effa79, topology_type: Unknown, servers: [<ServerDescription ('localhost', 27017) server_type: Unknown, rtt: None, error=AutoReconnect('localhost:27017: [Errno 54] Connection reset by peer (configured timeouts: socketTimeoutMS: 20000.0ms, connectTimeoutMS: 20000.0ms)')>]>
[2026-10-01 13:06:27]     | Fehler: ServerSelectionTimeoutError: localhost:27017: [Errno 54] Connection reset by peer (configured timeouts: socketTimeoutMS: 20000.0ms, connectTimeoutMS: 20000.0ms), Timeout: 30s, Topology Description: <TopologyDescription id: 6abe3dfe3676aad837effa7a, topology_type: Unknown, servers: [<ServerDescription ('localhost', 27017) server_type: Unknown, rtt: None, error=AutoReconnect('localhost:27017: [Errno 54] Connection reset by peer (configured timeouts: socketTimeoutMS: 20000.0ms, connectTimeoutMS: 20000.0ms)')>]>
[2026-10-01 13:06:27]     | Fehler: ServerSelectionTimeoutError: localhost:27017: [Errno 54] Connection reset by peer (configured timeouts: socketTimeoutMS: 20000.0ms, connectTimeoutMS: 20000.0ms), Timeout: 30s, Topology Description: <TopologyDescription id: 6abe3dfe3676aad837effa7b, topology_type: Unknown, servers: [<ServerDescription ('localhost', 27017) server_type: Unknown, rtt: None, error=AutoReconnect('localhost:27017: [Errno 54] Connection reset by peer (configured timeouts: socketTimeoutMS: 20000.0ms, connectTimeoutMS: 20000.0ms)')>]>
[2026-10-01 13:06:27]     | Fehler: ServerSelectionTimeoutError: localhost:27017: [Errno 54] Connection reset by peer (configured timeouts: socketTimeoutMS: 20000.0ms, connectTimeoutMS: 20000.0ms), Timeout: 30s, Topology Description: <TopologyDescription id: 6abe3dfe3676aad837effa78, topology_type: Unknown, servers: [<ServerDescription ('localhost', 27017) server_type: Unknown, rtt: None, error=AutoReconnect('localhost:27017: [Errno 54] Connection reset by peer (configured timeouts: socketTimeoutMS: 20000.0ms, connectTimeoutMS: 20000.0ms)')>]>
[2026-10-01 13:06:27]     | Fehler: ServerSelectionTimeoutError: localhost:27017: [Errno 54] Connection reset by peer (configured timeouts: socketTimeoutMS: 20000.0ms, connectTimeoutMS: 20000.0ms), Timeout: 30s, Topology Description: <TopologyDescription id: 6abe3dfe3676aad837effa79, topology_type: Unknown, servers: [<ServerDescription ('localhost', 27017) server_type: Unknown, rtt: None, error=AutoReconnect('localhost:27017: [Errno 54] Connection reset by peer (configured timeouts: socketTimeoutMS: 20000.0ms, connectTimeoutMS: 20000.0ms)')>]>
[2026-10-01 13:06:27]     | Fehler: ServerSelectionTimeoutError: localhost:27017: [Errno 54] Connection reset by peer (configured timeouts: socketTimeoutMS: 20000.0ms, connectTimeoutMS: 20000.0ms), Timeout: 30s, Topology Description: <TopologyDescription id: 6abe3dfe3676aad837effa7b, topology_type: Unknown, servers: [<ServerDescription ('localhost', 27017) server_type: Unknown, rtt: None, error=AutoReconnect('localhost:27017: [Errno 54] Connection reset by peer (configured timeouts: socketTimeoutMS: 20000.0ms, connectTimeoutMS: 20000.0ms)')>]>
[2026-10-01 13:06:27]     | Fehler: ServerSelectionTimeoutError: localhost:27017: [Errno 54] Connection reset by peer (configured timeouts: socketTimeoutMS: 20000.0ms, connectTimeoutMS: 20000.0ms), Timeout: 30s, Topology Description: <TopologyDescription id: 6abe3dfe3676aad837effa7a, topology_type: Unknown, servers: [<ServerDescription ('localhost', 27017) server_type: Unknown, rtt: None, error=AutoReconnect('localhost:27017: [Errno 54] Connection reset by peer (configured timeouts: socketTimeoutMS: 20000.0ms, connectTimeoutMS: 20000.0ms)')>]>
[2026-10-01 13:06:27]     | Fehler: ServerSelectionTimeoutError: localhost:27017: [Errno 54] Connection reset by peer (configured timeouts: socketTimeoutMS: 20000.0ms, connectTimeoutMS: 20000.0ms), Timeout: 30s, Topology Description: <TopologyDescription id: 6abe3dfe3676aad837effa78, topology_type: Unknown, servers: [<ServerDescription ('localhost', 27017) server_type: Unknown, rtt: None, error=AutoReconnect('localhost:27017: [Errno 54] Connection reset by peer (configured timeouts: socketTimeoutMS: 20000.0ms, connectTimeoutMS: 20000.0ms)')>]>
[2026-10-01 13:06:27]   -> Durchsatz 0.0 Ops/s, Median 0 ms, p95 0.0 ms, Operationen 0, Fehler 16 (100.00%)
[2026-10-01 13:06:27]   Mehr als 1 % Fehler: SF1 L4-Q2 Arm B Lauf 3 wird einmal wiederholt (beide Zeilen bleiben in messungen.csv).
[2026-10-01 13:09:30]     | Fehler: ServerSelectionTimeoutError: localhost:27017: [Errno 54] Connection reset by peer (configured timeouts: socketTimeoutMS: 20000.0ms, connectTimeoutMS: 20000.0ms), Timeout: 30s, Topology Description: <TopologyDescription id: 6abe3eb3eea0c6eb1b3f8c75, topology_type: Unknown, servers: [<ServerDescription ('localhost', 27017) server_type: Unknown, rtt: None, error=AutoReconnect('localhost:27017: [Errno 54] Connection reset by peer (configured timeouts: socketTimeoutMS: 20000.0ms, connectTimeoutMS: 20000.0ms)')>]>
[2026-10-01 13:09:30]     | Fehler: ServerSelectionTimeoutError: localhost:27017: [Errno 54] Connection reset by peer (configured timeouts: socketTimeoutMS: 20000.0ms, connectTimeoutMS: 20000.0ms), Timeout: 30s, Topology Description: <TopologyDescription id: 6abe3eb3eea0c6eb1b3f8c73, topology_type: Unknown, servers: [<ServerDescription ('localhost', 27017) server_type: Unknown, rtt: None, error=AutoReconnect('localhost:27017: [Errno 54] Connection reset by peer (configured timeouts: socketTimeoutMS: 20000.0ms, connectTimeoutMS: 20000.0ms)')>]>
[2026-10-01 13:09:30]     | Fehler: ServerSelectionTimeoutError: localhost:27017: [Errno 54] Connection reset by peer (configured timeouts: socketTimeoutMS: 20000.0ms, connectTimeoutMS: 20000.0ms), Timeout: 30s, Topology Description: <TopologyDescription id: 6abe3eb3eea0c6eb1b3f8c72, topology_type: Unknown, servers: [<ServerDescription ('localhost', 27017) server_type: Unknown, rtt: None, error=AutoReconnect('localhost:27017: [Errno 54] Connection reset by peer (configured timeouts: socketTimeoutMS: 20000.0ms, connectTimeoutMS: 20000.0ms)')>]>
[2026-10-01 13:09:30]     | Fehler: ServerSelectionTimeoutError: localhost:27017: [Errno 54] Connection reset by peer (configured timeouts: socketTimeoutMS: 20000.0ms, connectTimeoutMS: 20000.0ms), Timeout: 30s, Topology Description: <TopologyDescription id: 6abe3eb3eea0c6eb1b3f8c74, topology_type: Unknown, servers: [<ServerDescription ('localhost', 27017) server_type: Unknown, rtt: None, error=AutoReconnect('localhost:27017: [Errno 54] Connection reset by peer (configured timeouts: socketTimeoutMS: 20000.0ms, connectTimeoutMS: 20000.0ms)')>]>
[2026-10-01 13:09:30]     | Fehler: ServerSelectionTimeoutError: localhost:27017: [Errno 54] Connection reset by peer (configured timeouts: socketTimeoutMS: 20000.0ms, connectTimeoutMS: 20000.0ms), Timeout: 30s, Topology Description: <TopologyDescription id: 6abe3eb3eea0c6eb1b3f8c73, topology_type: Unknown, servers: [<ServerDescription ('localhost', 27017) server_type: Unknown, rtt: None, error=AutoReconnect('localhost:27017: [Errno 54] Connection reset by peer (configured timeouts: socketTimeoutMS: 20000.0ms, connectTimeoutMS: 20000.0ms)')>]>
[2026-10-01 13:09:30]     | Fehler: ServerSelectionTimeoutError: localhost:27017: [Errno 54] Connection reset by peer (configured timeouts: socketTimeoutMS: 20000.0ms, connectTimeoutMS: 20000.0ms), Timeout: 30s, Topology Description: <TopologyDescription id: 6abe3eb3eea0c6eb1b3f8c75, topology_type: Unknown, servers: [<ServerDescription ('localhost', 27017) server_type: Unknown, rtt: None, error=AutoReconnect('localhost:27017: [Errno 54] Connection reset by peer (configured timeouts: socketTimeoutMS: 20000.0ms, connectTimeoutMS: 20000.0ms)')>]>
[2026-10-01 13:09:30]     | Fehler: ServerSelectionTimeoutError: localhost:27017: [Errno 54] Connection reset by peer (configured timeouts: socketTimeoutMS: 20000.0ms, connectTimeoutMS: 20000.0ms), Timeout: 30s, Topology Description: <TopologyDescription id: 6abe3eb3eea0c6eb1b3f8c72, topology_type: Unknown, servers: [<ServerDescription ('localhost', 27017) server_type: Unknown, rtt: None, error=AutoReconnect('localhost:27017: [Errno 54] Connection reset by peer (configured timeouts: socketTimeoutMS: 20000.0ms, connectTimeoutMS: 20000.0ms)')>]>
[2026-10-01 13:09:30]     | Fehler: ServerSelectionTimeoutError: localhost:27017: [Errno 54] Connection reset by peer (configured timeouts: socketTimeoutMS: 20000.0ms, connectTimeoutMS: 20000.0ms), Timeout: 30s, Topology Description: <TopologyDescription id: 6abe3eb3eea0c6eb1b3f8c74, topology_type: Unknown, servers: [<ServerDescription ('localhost', 27017) server_type: Unknown, rtt: None, error=AutoReconnect('localhost:27017: [Errno 54] Connection reset by peer (configured timeouts: socketTimeoutMS: 20000.0ms, connectTimeoutMS: 20000.0ms)')>]>
[2026-10-01 13:09:30]   -> Durchsatz 0.0 Ops/s, Median 0 ms, p95 0.0 ms, Operationen 0, Fehler 16 (100.00%)
[2026-10-01 13:09:30] !!!!!!!!!!!!!!!!!!!!!!!!!!!!!!!!!!!!!!!!!!!!!!!!!!!!!!!!!!!!!!!!!!!!!!!!
[2026-10-01 13:09:30] !!! FEHLER: SF1 L4-Q2 Arm B Lauf 3: keine Operation im Messfenster.
[2026-10-01 13:09:30] !!!!!!!!!!!!!!!!!!!!!!!!!!!!!!!!!!!!!!!!!!!!!!!!!!!!!!!!!!!!!!!!!!!!!!!!
[2026-10-01 13:09:30] [9/20] SF1 L4-Q2 Arm B Lauf 4 -- Restzeit ca. 0 h 46 min
[2026-10-01 13:12:33]     | Fehler: ServerSelectionTimeoutError: localhost:27017: [Errno 54] Connection reset by peer (configured timeouts: socketTimeoutMS: 20000.0ms, connectTimeoutMS: 20000.0ms), Timeout: 30s, Topology Description: <TopologyDescription id: 6abe3f6a2693e3a976a7c18c, topology_type: Unknown, servers: [<ServerDescription ('localhost', 27017) server_type: Unknown, rtt: None, error=AutoReconnect('localhost:27017: [Errno 54] Connection reset by peer (configured timeouts: socketTimeoutMS: 20000.0ms, connectTimeoutMS: 20000.0ms)')>]>
[2026-10-01 13:12:33]     | Fehler: ServerSelectionTimeoutError: localhost:27017: [Errno 54] Connection reset by peer (configured timeouts: socketTimeoutMS: 20000.0ms, connectTimeoutMS: 20000.0ms), Timeout: 30s, Topology Description: <TopologyDescription id: 6abe3f6a2693e3a976a7c18a, topology_type: Unknown, servers: [<ServerDescription ('localhost', 27017) server_type: Unknown, rtt: None, error=AutoReconnect('localhost:27017: [Errno 54] Connection reset by peer (configured timeouts: socketTimeoutMS: 20000.0ms, connectTimeoutMS: 20000.0ms)')>]>
[2026-10-01 13:12:33]     | Fehler: ServerSelectionTimeoutError: localhost:27017: [Errno 54] Connection reset by peer (configured timeouts: socketTimeoutMS: 20000.0ms, connectTimeoutMS: 20000.0ms), Timeout: 30s, Topology Description: <TopologyDescription id: 6abe3f6a2693e3a976a7c18b, topology_type: Unknown, servers: [<ServerDescription ('localhost', 27017) server_type: Unknown, rtt: None, error=AutoReconnect('localhost:27017: [Errno 54] Connection reset by peer (configured timeouts: socketTimeoutMS: 20000.0ms, connectTimeoutMS: 20000.0ms)')>]>
[2026-10-01 13:12:33]     | Fehler: ServerSelectionTimeoutError: localhost:27017: [Errno 54] Connection reset by peer (configured timeouts: socketTimeoutMS: 20000.0ms, connectTimeoutMS: 20000.0ms), Timeout: 30s, Topology Description: <TopologyDescription id: 6abe3f6a2693e3a976a7c18d, topology_type: Unknown, servers: [<ServerDescription ('localhost', 27017) server_type: Unknown, rtt: None, error=AutoReconnect('localhost:27017: [Errno 54] Connection reset by peer (configured timeouts: socketTimeoutMS: 20000.0ms, connectTimeoutMS: 20000.0ms)')>]>
[2026-10-01 13:12:33]     | Fehler: ServerSelectionTimeoutError: localhost:27017: [Errno 54] Connection reset by peer (configured timeouts: socketTimeoutMS: 20000.0ms, connectTimeoutMS: 20000.0ms), Timeout: 30s, Topology Description: <TopologyDescription id: 6abe3f6a2693e3a976a7c18c, topology_type: Unknown, servers: [<ServerDescription ('localhost', 27017) server_type: Unknown, rtt: None, error=AutoReconnect('localhost:27017: [Errno 54] Connection reset by peer (configured timeouts: socketTimeoutMS: 20000.0ms, connectTimeoutMS: 20000.0ms)')>]>
[2026-10-01 13:12:33]     | Fehler: ServerSelectionTimeoutError: localhost:27017: [Errno 54] Connection reset by peer (configured timeouts: socketTimeoutMS: 20000.0ms, connectTimeoutMS: 20000.0ms), Timeout: 30s, Topology Description: <TopologyDescription id: 6abe3f6a2693e3a976a7c18b, topology_type: Unknown, servers: [<ServerDescription ('localhost', 27017) server_type: Unknown, rtt: None, error=AutoReconnect('localhost:27017: [Errno 54] Connection reset by peer (configured timeouts: socketTimeoutMS: 20000.0ms, connectTimeoutMS: 20000.0ms)')>]>
[2026-10-01 13:12:33]     | Fehler: ServerSelectionTimeoutError: localhost:27017: [Errno 54] Connection reset by peer (configured timeouts: socketTimeoutMS: 20000.0ms, connectTimeoutMS: 20000.0ms), Timeout: 30s, Topology Description: <TopologyDescription id: 6abe3f6a2693e3a976a7c18d, topology_type: Unknown, servers: [<ServerDescription ('localhost', 27017) server_type: Unknown, rtt: None, error=AutoReconnect('localhost:27017: [Errno 54] Connection reset by peer (configured timeouts: socketTimeoutMS: 20000.0ms, connectTimeoutMS: 20000.0ms)')>]>
[2026-10-01 13:12:33]     | Fehler: ServerSelectionTimeoutError: localhost:27017: [Errno 54] Connection reset by peer (configured timeouts: socketTimeoutMS: 20000.0ms, connectTimeoutMS: 20000.0ms), Timeout: 30s, Topology Description: <TopologyDescription id: 6abe3f6a2693e3a976a7c18a, topology_type: Unknown, servers: [<ServerDescription ('localhost', 27017) server_type: Unknown, rtt: None, error=AutoReconnect('localhost:27017: [Errno 54] Connection reset by peer (configured timeouts: socketTimeoutMS: 20000.0ms, connectTimeoutMS: 20000.0ms)')>]>
[2026-10-01 13:12:33]   -> Durchsatz 0.0 Ops/s, Median 0 ms, p95 0.0 ms, Operationen 0, Fehler 16 (100.00%)
[2026-10-01 13:12:33]   Mehr als 1 % Fehler: SF1 L4-Q2 Arm B Lauf 4 wird einmal wiederholt (beide Zeilen bleiben in messungen.csv).
[2026-10-01 13:14:49] !!!!!!!!!!!!!!!!!!!!!!!!!!!!!!!!!!!!!!!!!!!!!!!!!!!!!!!!!!!!!!!!!!!!!!!!
[2026-10-01 13:14:49] !!! FEHLER: ABBRUCH durch Strg+C. Beim naechsten Start wird fortgesetzt.
[2026-10-01 13:14:49] !!!!!!!!!!!!!!!!!!!!!!!!!!!!!!!!!!!!!!!!!!!!!!!!!!!!!!!!!!!!!!!!!!!!!!!!
[2026-10-01 13:14:49] ========================================================================
[2026-10-01 13:14:49] Zusammenfassung: 9 von 20 offenen Laeufen bearbeitet in 0 h 36 min.
[2026-10-01 13:14:49]   wiederholt wegen > 1 % Fehlern: SF1 L4-Q2 Arm B Lauf 2
[2026-10-01 13:14:49]   wiederholt wegen > 1 % Fehlern: SF1 L4-Q2 Arm B Lauf 3
[2026-10-01 13:14:49]   wiederholt wegen > 1 % Fehlern: SF1 L4-Q2 Arm B Lauf 4
[2026-10-01 13:14:49] FEHLER (3):
[2026-10-01 13:14:49]   - SF1 L4-Q2 Arm B Lauf 2: 0 Operationen
[2026-10-01 13:14:49]   - SF1 L4-Q2 Arm B Lauf 3: 0 Operationen
[2026-10-01 13:14:49]   - Messreihe: abgebrochen durch Strg+C
[2026-10-01 13:59:28] ========================================================================
[2026-10-01 13:59:28] run_all.py gestartet: --probe --ohne-sf2 --lauf-nummer 52
[2026-10-01 13:59:28] Modus: PROBE; 10 s aufwaermen, 20 s messen, 4 Clients, Laufnummern [52]
[2026-10-01 13:59:28] Lastgenerator: Client-Container arm_client im Docker-Netz
[2026-10-01 13:59:29] Plan: 21 Laeufe, davon 0 bereits in messungen.csv, 21 offen.
[2026-10-01 13:59:29] WARNUNG: Fremdlast 51.5 % CPU: Code Helper (Renderer)
[2026-10-01 13:59:29] ------------------------------------------------------------------------
[2026-10-01 13:59:29] Block SF1: 21 offene Laeufe
[2026-10-01 13:59:29] Pruefe, welche Datenmenge geladen ist ...
[2026-10-01 13:59:29]   geladen: SF1
[2026-10-01 13:59:29] Pruefe Bestand (Anzahlen, Anschriften) ...
[2026-10-01 13:59:30]   Arm A: sauber
[2026-10-01 13:59:30]   Arm B: sauber
[2026-10-01 13:59:30]   Arm C: sauber
[2026-10-01 13:59:30] Vorhandene Dumps werden weiterverwendet.
[2026-10-01 13:59:30] [1/21] SF1 L1 Arm A Lauf 52 -- Restzeit ca. 0 h 18 min
[2026-10-01 13:59:31]   Container arm_postgres neu gestartet (0.3 s).
[2026-10-01 14:00:03]   -> Durchsatz 10835.2 Ops/s, Median 0.322 ms, p95 0.775 ms, Operationen 216737, Fehler 0 (0.00%)
[2026-10-01 14:00:03] [2/21] SF1 L1 Arm B Lauf 52 -- Restzeit ca. 0 h 16 min
[2026-10-01 14:00:04]   Container arm_mongodb neu gestartet (0.5 s).
[2026-10-01 14:00:36]   -> Durchsatz 1303.3 Ops/s, Median 2.947 ms, p95 4.763 ms, Operationen 26068, Fehler 0 (0.00%)
[2026-10-01 14:00:36] [3/21] SF1 L1 Arm C Lauf 52 -- Restzeit ca. 0 h 16 min
[2026-10-01 14:00:36]   Container arm_mongodb neu gestartet (0.5 s).
[2026-10-01 14:01:08]   -> Durchsatz 4808.0 Ops/s, Median 0.714 ms, p95 1.825 ms, Operationen 96167, Fehler 0 (0.00%)
[2026-10-01 14:01:08] [4/21] SF1 L4-Q1 Arm A Lauf 52 -- Restzeit ca. 0 h 15 min
[2026-10-01 14:01:08]   Container arm_postgres neu gestartet (0.3 s).
[2026-10-01 14:01:39]   -> Durchsatz 49.8 Ops/s, Median 87.466 ms, p95 98.106 ms, Operationen 1000, Fehler 0 (0.00%)
[2026-10-01 14:01:39] [5/21] SF1 L4-Q2 Arm A Lauf 52 -- Restzeit ca. 0 h 15 min
[2026-10-01 14:02:10]   -> Durchsatz 706.8 Ops/s, Median 5.57 ms, p95 5.875 ms, Operationen 14139, Fehler 0 (0.00%)
[2026-10-01 14:02:10] [6/21] SF1 L4-Q1 Arm B Lauf 52 -- Restzeit ca. 0 h 14 min
[2026-10-01 14:02:11]   Container arm_mongodb neu gestartet (0.5 s).
[2026-10-01 14:02:42]   -> Durchsatz 31.8 Ops/s, Median 125.606 ms, p95 133.221 ms, Operationen 640, Fehler 0 (0.00%)
[2026-10-01 14:02:42] [7/21] SF1 L4-Q2 Arm B Lauf 52 -- Restzeit ca. 0 h 14 min
[2026-10-01 14:03:14]   -> Durchsatz 176.2 Ops/s, Median 21.697 ms, p95 31.311 ms, Operationen 3528, Fehler 0 (0.00%)
[2026-10-01 14:03:14] [8/21] SF1 L4-Q1 Arm C Lauf 52 -- Restzeit ca. 0 h 13 min
[2026-10-01 14:03:15]   Container arm_mongodb neu gestartet (0.5 s).
[2026-10-01 14:03:46]   -> Durchsatz 56.3 Ops/s, Median 70.453 ms, p95 77.599 ms, Operationen 1129, Fehler 0 (0.00%)
[2026-10-01 14:03:46] [9/21] SF1 L4-Q2 Arm C Lauf 52 -- Restzeit ca. 0 h 13 min
[2026-10-01 14:04:18]   -> Durchsatz 156.0 Ops/s, Median 24.558 ms, p95 34.462 ms, Operationen 3123, Fehler 0 (0.00%)
[2026-10-01 14:04:18] [10/21] SF1 L2 Arm A Lauf 52 -- Restzeit ca. 0 h 12 min
[2026-10-01 14:04:21]   Arm A zurueckgesetzt (2.7 s).
[2026-10-01 14:04:22]   Container arm_postgres neu gestartet (0.7 s).
[2026-10-01 14:04:53]   -> Durchsatz 2930.7 Ops/s, Median 1.288 ms, p95 2.256 ms, Operationen 58617, Fehler 0 (0.00%), geschrieben je Op 3.0
[2026-10-01 14:04:53] [11/21] SF1 L2 Arm B Lauf 52 -- Restzeit ca. 0 h 06 min
[2026-10-01 14:05:09]   Arm B zurueckgesetzt (16.0 s).
[2026-10-01 14:05:10]   Container arm_mongodb neu gestartet (0.6 s).
[2026-10-01 14:05:41]   -> Durchsatz 2499.7 Ops/s, Median 1.476 ms, p95 2.884 ms, Operationen 49997, Fehler 0 (0.00%), geschrieben je Op 3.0
[2026-10-01 14:05:41] [12/21] SF1 L2 Arm C Lauf 52 -- Restzeit ca. 0 h 07 min
[2026-10-01 14:05:45]   Arm C zurueckgesetzt (4.3 s).
[2026-10-01 14:05:46]   Container arm_mongodb neu gestartet (0.7 s).
[2026-10-01 14:06:17]   -> Durchsatz 1672.2 Ops/s, Median 2.281 ms, p95 3.883 ms, Operationen 33446, Fehler 0 (0.00%), geschrieben je Op 1.0
[2026-10-01 14:06:17] [13/21] SF1 L3 Arm A Fan-out 10 Lauf 52 -- Restzeit ca. 0 h 06 min
[2026-10-01 14:06:20]   Arm A zurueckgesetzt (2.7 s).
[2026-10-01 14:06:21]   Container arm_postgres neu gestartet (0.7 s).
[2026-10-01 14:06:52]   -> Durchsatz 13306.3 Ops/s, Median 0.284 ms, p95 0.461 ms, Operationen 266180, Fehler 0 (0.00%), geschrieben je Op 1.0
[2026-10-01 14:06:52] [14/21] SF1 L3 Arm A Fan-out 100 Lauf 52 -- Restzeit ca. 0 h 05 min
[2026-10-01 14:06:55]   Arm A zurueckgesetzt (2.7 s).
[2026-10-01 14:06:56]   Container arm_postgres neu gestartet (0.6 s).
[2026-10-01 14:07:27]   -> Durchsatz 12820.9 Ops/s, Median 0.294 ms, p95 0.479 ms, Operationen 256468, Fehler 0 (0.00%), geschrieben je Op 1.0
[2026-10-01 14:07:27] [15/21] SF1 L3 Arm A Fan-out 1000 Lauf 52 -- Restzeit ca. 0 h 04 min
[2026-10-01 14:07:30]   Arm A zurueckgesetzt (2.7 s).
[2026-10-01 14:07:30]   Container arm_postgres neu gestartet (0.6 s).
[2026-10-01 14:08:02]   -> Durchsatz 12325.1 Ops/s, Median 0.307 ms, p95 0.491 ms, Operationen 246540, Fehler 0 (0.00%), geschrieben je Op 1.0
[2026-10-01 14:08:02] [16/21] SF1 L3 Arm B Fan-out 10 Lauf 52 -- Restzeit ca. 0 h 04 min
[2026-10-01 14:08:18]   Arm B zurueckgesetzt (16.0 s).
[2026-10-01 14:08:19]   Container arm_mongodb neu gestartet (0.8 s).
[2026-10-01 14:08:50]   -> Durchsatz 5287.5 Ops/s, Median 0.642 ms, p95 1.635 ms, Operationen 105762, Fehler 0 (0.00%), geschrieben je Op 1.0
[2026-10-01 14:08:50] [17/21] SF1 L3 Arm B Fan-out 100 Lauf 52 -- Restzeit ca. 0 h 03 min
[2026-10-01 14:09:05]   Arm B zurueckgesetzt (15.5 s).
[2026-10-01 14:09:06]   Container arm_mongodb neu gestartet (0.6 s).
[2026-10-01 14:09:38]   -> Durchsatz 5267.1 Ops/s, Median 0.637 ms, p95 1.658 ms, Operationen 105353, Fehler 0 (0.00%), geschrieben je Op 1.0
[2026-10-01 14:09:38] [18/21] SF1 L3 Arm B Fan-out 1000 Lauf 52 -- Restzeit ca. 0 h 03 min
[2026-10-01 14:09:53]   Arm B zurueckgesetzt (15.4 s).
[2026-10-01 14:09:54]   Container arm_mongodb neu gestartet (0.6 s).
[2026-10-01 14:10:25]   -> Durchsatz 5319.3 Ops/s, Median 0.637 ms, p95 1.619 ms, Operationen 106395, Fehler 0 (0.00%), geschrieben je Op 1.0
[2026-10-01 14:10:25] [19/21] SF1 L3 Arm C Fan-out 10 Lauf 52 -- Restzeit ca. 0 h 02 min
[2026-10-01 14:10:29]   Arm C zurueckgesetzt (4.4 s).
[2026-10-01 14:10:30]   Container arm_mongodb neu gestartet (0.5 s).
[2026-10-01 14:11:01]   -> Durchsatz 2718.8 Ops/s, Median 1.383 ms, p95 2.484 ms, Operationen 54380, Fehler 0 (0.00%), geschrieben je Op 11.0
[2026-10-01 14:11:01] [20/21] SF1 L3 Arm C Fan-out 100 Lauf 52 -- Restzeit ca. 0 h 01 min
[2026-10-01 14:11:05]   Arm C zurueckgesetzt (4.2 s).
[2026-10-01 14:11:06]   Container arm_mongodb neu gestartet (0.6 s).
[2026-10-01 14:11:37]   -> Durchsatz 2789.9 Ops/s, Median 1.41 ms, p95 1.778 ms, Operationen 55804, Fehler 0 (0.00%), geschrieben je Op 100.9
[2026-10-01 14:11:37] [21/21] SF1 L3 Arm C Fan-out 1000 Lauf 52 -- Restzeit ca. 0 h 01 min
[2026-10-01 14:11:42]   Arm C zurueckgesetzt (4.4 s).
[2026-10-01 14:11:42]   Container arm_mongodb neu gestartet (0.7 s).
[2026-10-01 14:12:14]   -> Durchsatz 393.1 Ops/s, Median 9.885 ms, p95 13.715 ms, Operationen 7866, Fehler 0 (0.00%), geschrieben je Op 1000.1
[2026-10-01 14:12:14] Abschliessendes Zuruecksetzen von SF1 ...
[2026-10-01 14:12:19]   Arm A zurueckgesetzt (2.8 s).
[2026-10-01 14:12:35]   Arm B zurueckgesetzt (15.8 s).
[2026-10-01 14:12:39]   Arm C zurueckgesetzt (4.4 s).
[2026-10-01 14:12:40]   Arm A: sauber
[2026-10-01 14:12:40]   Arm B: sauber
[2026-10-01 14:12:40]   Arm C: sauber
[2026-10-01 14:12:40] ========================================================================
[2026-10-01 14:12:40] Zusammenfassung: 21 von 21 offenen Laeufen bearbeitet in 0 h 13 min.
[2026-10-01 14:12:40]   Zuruecksetzen Arm A: 4x, Median 2.7 s
[2026-10-01 14:12:40]   Zuruecksetzen Arm B: 4x, Median 15.7 s
[2026-10-01 14:12:40]   Zuruecksetzen Arm C: 4x, Median 4.4 s
[2026-10-01 14:12:40] Keine Fehler.
[2026-10-01 14:22:53] Test: Umladen von SF1 ueber den Client-Container (vor Probelauf 53)
[2026-10-01 14:22:53] Lade SF1 in alle drei Datenbanken (load_data.py --drop) ...
[2026-10-01 14:22:54]     | === Arm A: PostgreSQL ===
[2026-10-01 14:22:54]     |   Fuehre Schema (Tabellen) aus ...
[2026-10-01 14:22:54]     |   COPY kunde ...
[2026-10-01 14:22:54]     |   COPY produkt ...
[2026-10-01 14:22:54]     |   COPY auftrag ...
[2026-10-01 14:22:55]     |   COPY auftragsposition ...
[2026-10-01 14:23:10]     |   Fuehre Indizes aus ...
[2026-10-01 14:23:10]     |   ANALYZE ...
[2026-10-01 14:23:11]     |     ANALYZE fertig in 0.2 s.
[2026-10-01 14:23:11]     |   Arm A fertig in 16.6 s (davon ANALYZE: 0.2 s).
[2026-10-01 14:23:11]     | === Arm B: MongoDB, referenziert ===
[2026-10-01 14:23:11]     |   Lade kunden (arm_b) ...
[2026-10-01 14:23:11]     |         23,264 Dokumente geladen.
[2026-10-01 14:23:11]     |   Lade produkte (arm_b) ...
[2026-10-01 14:23:11]     |          5,000 Dokumente geladen.
[2026-10-01 14:23:11]     |   Lade auftraege (arm_b) ...
[2026-10-01 14:23:11]     |        100,000 Dokumente ...
[2026-10-01 14:23:11]     |        200,000 Dokumente ...
[2026-10-01 14:23:12]     |        300,000 Dokumente ...
[2026-10-01 14:23:12]     |        300,000 Dokumente geladen.
[2026-10-01 14:23:12]     |   Lade positionen (arm_b) ...
[2026-10-01 14:23:12]     |        100,000 Dokumente ...
[2026-10-01 14:23:12]     |        200,000 Dokumente ...
[2026-10-01 14:23:13]     |        300,000 Dokumente ...
[2026-10-01 14:23:13]     |        400,000 Dokumente ...
[2026-10-01 14:23:14]     |        500,000 Dokumente ...
[2026-10-01 14:23:14]     |        600,000 Dokumente ...
[2026-10-01 14:23:14]     |        700,000 Dokumente ...
[2026-10-01 14:23:15]     |        800,000 Dokumente ...
[2026-10-01 14:23:15]     |        900,000 Dokumente ...
[2026-10-01 14:23:16]     |      1,000,000 Dokumente ...
[2026-10-01 14:23:16]     |      1,100,000 Dokumente ...
[2026-10-01 14:23:16]     |      1,200,000 Dokumente ...
[2026-10-01 14:23:17]     |      1,300,000 Dokumente ...
[2026-10-01 14:23:17]     |      1,400,000 Dokumente ...
[2026-10-01 14:23:17]     |      1,500,000 Dokumente ...
[2026-10-01 14:23:18]     |      1,600,000 Dokumente ...
[2026-10-01 14:23:18]     |      1,700,000 Dokumente ...
[2026-10-01 14:23:19]     |      1,800,000 Dokumente ...
[2026-10-01 14:23:19]     |      1,900,000 Dokumente ...
[2026-10-01 14:23:19]     |      2,000,000 Dokumente ...
[2026-10-01 14:23:20]     |      2,100,000 Dokumente ...
[2026-10-01 14:23:20]     |      2,200,000 Dokumente ...
[2026-10-01 14:23:21]     |      2,300,000 Dokumente ...
[2026-10-01 14:23:21]     |      2,400,000 Dokumente ...
[2026-10-01 14:23:21]     |      2,500,000 Dokumente ...
[2026-10-01 14:23:22]     |      2,600,000 Dokumente ...
[2026-10-01 14:23:22]     |      2,700,000 Dokumente ...
[2026-10-01 14:23:23]     |      2,800,000 Dokumente ...
[2026-10-01 14:23:23]     |      2,900,000 Dokumente ...
[2026-10-01 14:23:23]     |      2,907,507 Dokumente geladen.
[2026-10-01 14:23:23]     |   Arm B fertig in 12.3 s.
[2026-10-01 14:23:23]     | === Arm C: MongoDB, eingebettet ===
[2026-10-01 14:23:23]     |   Lade kunden (arm_c) ...
[2026-10-01 14:23:23]     |         23,264 Dokumente geladen.
[2026-10-01 14:23:23]     |   Lade produkte (arm_c) ...
[2026-10-01 14:23:23]     |          5,000 Dokumente geladen.
[2026-10-01 14:23:23]     |   Lade auftraege (arm_c) ...
[2026-10-01 14:23:25]     |        100,000 Dokumente ...
[2026-10-01 14:23:27]     |        200,000 Dokumente ...
[2026-10-01 14:23:29]     |        300,000 Dokumente ...
[2026-10-01 14:23:29]     |        300,000 Dokumente geladen.
[2026-10-01 14:23:29]     |   Arm C fertig in 6.3 s.
[2026-10-01 14:23:29]     | === Ladezeiten ===
[2026-10-01 14:23:29]     |   Arm A: 16.6 s
[2026-10-01 14:23:29]     |   Arm B: 12.3 s
[2026-10-01 14:23:29]     |   Arm C: 6.3 s
[2026-10-01 14:23:29]     | === Pruefung ===
[2026-10-01 14:23:29]     | Entitaet                 Soll           Arm A           Arm B           Arm C
[2026-10-01 14:23:29]     | ------------------------------------------------------------------------------
[2026-10-01 14:23:29]     | Kunden                 23,264          23,264              23,264              23,264
[2026-10-01 14:23:29]     | Produkte                5,000           5,000               5,000               5,000
[2026-10-01 14:23:29]     | Auftraege             300,000         300,000             300,000             300,000
[2026-10-01 14:23:29]     | Positionen          2,907,507       2,907,507           2,907,507           2,907,507
[2026-10-01 14:23:29]     | Alle Anzahlen stimmen ueberein.
[2026-10-01 14:23:29]     | Hinweis: Indizes fuer MongoDB jetzt anlegen:
[2026-10-01 14:23:29]     |   python skripte/mongo_setup.py
[2026-10-01 14:23:38]     | === Arm B (arm_b) ===
[2026-10-01 14:23:38]     |   arm_b.auftraege:
[2026-10-01 14:23:38]     |     _id_: {'_id': 1}
[2026-10-01 14:23:38]     |     idx_auftraege_kunde_id: {'kunde_id': 1}
[2026-10-01 14:23:38]     |     idx_auftraege_bestelldatum: {'bestelldatum': 1}
[2026-10-01 14:23:38]     |   arm_b.positionen:
[2026-10-01 14:23:38]     |     _id_: {'_id': 1}
[2026-10-01 14:23:38]     |     idx_positionen_auftrag_id: {'auftrag_id': 1}
[2026-10-01 14:23:38]     |     idx_positionen_produkt_id: {'produkt_id': 1}
[2026-10-01 14:23:38]     |   arm_b.kunden:
[2026-10-01 14:23:38]     |     _id_: {'_id': 1}
[2026-10-01 14:23:38]     |   arm_b.produkte:
[2026-10-01 14:23:38]     |     _id_: {'_id': 1}
[2026-10-01 14:23:38]     | === Arm C (arm_c) ===
[2026-10-01 14:23:38]     |   arm_c.auftraege:
[2026-10-01 14:23:38]     |     _id_: {'_id': 1}
[2026-10-01 14:23:38]     |     idx_auftraege_kunde_kunde_id: {'kunde.kunde_id': 1}
[2026-10-01 14:23:38]     |     idx_auftraege_bestelldatum: {'bestelldatum': 1}
[2026-10-01 14:23:38]     |     idx_auftraege_positionen_produkt_id: {'positionen.produkt_id': 1}
[2026-10-01 14:23:38]     |   arm_c.kunden:
[2026-10-01 14:23:38]     |     _id_: {'_id': 1}
[2026-10-01 14:23:38]     |   arm_c.produkte:
[2026-10-01 14:23:38]     |     _id_: {'_id': 1}
[2026-10-01 14:23:39]   SF1 geladen in 0 h 01 min.
[2026-10-01 14:23:41] Zustand nach dem Laden: {'A': [], 'B': [], 'C': []}
[2026-10-01 14:23:41] Indizes:
arm_a: auftrag_pkey,auftragsposition_pkey,idx_auftrag_bestelldatum,idx_auftrag_kunde_id,idx_auftragsposition_produkt_id,kunde_pkey,produkt_pkey
arm_b.auftraege: _id_,idx_auftraege_bestelldatum,idx_auftraege_kunde_id
arm_b.kunden: _id_
arm_b.positionen: _id_,idx_positionen_auftrag_id,idx_positionen_produkt_id
arm_b.produkte: _id_
arm_c.auftraege: _id_,idx_auftraege_bestelldatum,idx_auftraege_kunde_kunde_id,idx_auftraege_positionen_produkt_id
arm_c.kunden: _id_
arm_c.produkte: _id_
[2026-10-01 14:23:50] ========================================================================
[2026-10-01 14:23:50] run_all.py gestartet: --probe --ohne-sf2 --lauf-nummer 53
[2026-10-01 14:23:50] Modus: PROBE; 10 s aufwaermen, 20 s messen, 4 Clients, Laufnummern [53]
[2026-10-01 14:23:50] Lastgenerator: Client-Container arm_client im Docker-Netz
[2026-10-01 14:23:50] Plan: 21 Laeufe, davon 0 bereits in messungen.csv, 21 offen.
[2026-10-01 14:23:50] WARNUNG: Fremdlast 32.8 % CPU: WindowServer
[2026-10-01 14:23:50] WARNUNG: Fremdlast 38.5 % CPU: claude
[2026-10-01 14:23:50] ------------------------------------------------------------------------
[2026-10-01 14:23:50] Block SF1: 21 offene Laeufe
[2026-10-01 14:23:50] Pruefe, welche Datenmenge geladen ist ...
[2026-10-01 14:23:51]   geladen: SF1
[2026-10-01 14:23:51] Pruefe Bestand (Anzahlen, Anschriften) ...
[2026-10-01 14:23:52]   Arm A: sauber
[2026-10-01 14:23:52]   Arm B: sauber
[2026-10-01 14:23:52]   Arm C: sauber
[2026-10-01 14:23:52] Erzeuge Dumps im Container ...
[2026-10-01 14:23:58]   Dumps fertig in 6.2 s.
[2026-10-01 14:23:58] Pruefe das Wiederherstellen aus den Dumps ...
[2026-10-01 14:24:02]   Arm A zurueckgesetzt (2.9 s).
[2026-10-01 14:24:17]   Arm B zurueckgesetzt (15.7 s).
[2026-10-01 14:24:22]   Arm C zurueckgesetzt (4.6 s).
[2026-10-01 14:24:23]   Arm A: sauber
[2026-10-01 14:24:23]   Arm B: sauber
[2026-10-01 14:24:23]   Arm C: sauber
[2026-10-01 14:24:24]   Wiederherstellen funktioniert, Anzahlen und Indizes stimmen.
[2026-10-01 14:24:24] [1/21] SF1 L1 Arm A Lauf 53 -- Restzeit ca. 0 h 16 min
[2026-10-01 14:24:24]   Container arm_postgres neu gestartet (0.5 s).
[2026-10-01 14:24:56]   -> Durchsatz 29248.2 Ops/s, Median 0.13 ms, p95 0.189 ms, Operationen 584968, Fehler 0 (0.00%)
[2026-10-01 14:24:56] [2/21] SF1 L1 Arm B Lauf 53 -- Restzeit ca. 0 h 14 min
[2026-10-01 14:24:58]   Container arm_mongodb neu gestartet (1.8 s).
[2026-10-01 14:25:29]   -> Durchsatz 4477.7 Ops/s, Median 0.866 ms, p95 1.15 ms, Operationen 89558, Fehler 0 (0.00%)
[2026-10-01 14:25:29] [3/21] SF1 L1 Arm C Lauf 53 -- Restzeit ca. 0 h 13 min
[2026-10-01 14:25:29]   Container arm_mongodb neu gestartet (0.5 s).
[2026-10-01 14:26:00]   -> Durchsatz 18452.2 Ops/s, Median 0.203 ms, p95 0.327 ms, Operationen 369048, Fehler 0 (0.00%)
[2026-10-01 14:26:00] [4/21] SF1 L4-Q1 Arm A Lauf 53 -- Restzeit ca. 0 h 13 min
[2026-10-01 14:26:01]   Container arm_postgres neu gestartet (0.4 s).
[2026-10-01 14:26:33]   -> Durchsatz 49.4 Ops/s, Median 87.754 ms, p95 101.162 ms, Operationen 989, Fehler 0 (0.00%)
[2026-10-01 14:26:33] [5/21] SF1 L4-Q2 Arm A Lauf 53 -- Restzeit ca. 0 h 12 min
[2026-10-01 14:27:04]   -> Durchsatz 838.6 Ops/s, Median 4.74 ms, p95 5.037 ms, Operationen 16776, Fehler 0 (0.00%)
[2026-10-01 14:27:04] [6/21] SF1 L4-Q1 Arm B Lauf 53 -- Restzeit ca. 0 h 12 min
[2026-10-01 14:27:04]   Container arm_mongodb neu gestartet (0.5 s).
[2026-10-01 14:27:36]   -> Durchsatz 32.4 Ops/s, Median 123.215 ms, p95 129.852 ms, Operationen 651, Fehler 0 (0.00%)
[2026-10-01 14:27:36] [7/21] SF1 L4-Q2 Arm B Lauf 53 -- Restzeit ca. 0 h 11 min
[2026-10-01 14:28:07]   -> Durchsatz 230.1 Ops/s, Median 17.22 ms, p95 19.885 ms, Operationen 4606, Fehler 0 (0.00%)
[2026-10-01 14:28:07] [8/21] SF1 L4-Q1 Arm C Lauf 53 -- Restzeit ca. 0 h 11 min
[2026-10-01 14:28:07]   Container arm_mongodb neu gestartet (0.6 s).
[2026-10-01 14:28:39]   -> Durchsatz 56.0 Ops/s, Median 71.035 ms, p95 77.339 ms, Operationen 1124, Fehler 0 (0.00%)
[2026-10-01 14:28:39] [9/21] SF1 L4-Q2 Arm C Lauf 53 -- Restzeit ca. 0 h 10 min
[2026-10-01 14:29:10]   -> Durchsatz 200.2 Ops/s, Median 19.879 ms, p95 22.174 ms, Operationen 4008, Fehler 0 (0.00%)
[2026-10-01 14:29:10] [10/21] SF1 L2 Arm A Lauf 53 -- Restzeit ca. 0 h 10 min
[2026-10-01 14:29:13]   Arm A zurueckgesetzt (2.8 s).
[2026-10-01 14:29:13]   Container arm_postgres neu gestartet (0.6 s).
[2026-10-01 14:29:45]   -> Durchsatz 6765.3 Ops/s, Median 0.579 ms, p95 0.712 ms, Operationen 135318, Fehler 0 (0.00%), geschrieben je Op 3.0
[2026-10-01 14:29:45] [11/21] SF1 L2 Arm B Lauf 53 -- Restzeit ca. 0 h 06 min
[2026-10-01 14:30:01]   Arm B zurueckgesetzt (16.3 s).
[2026-10-01 14:30:02]   Container arm_mongodb neu gestartet (0.6 s).
[2026-10-01 14:30:33]   -> Durchsatz 8953.1 Ops/s, Median 0.431 ms, p95 0.611 ms, Operationen 179068, Fehler 0 (0.00%), geschrieben je Op 3.0
[2026-10-01 14:30:33] [12/21] SF1 L2 Arm C Lauf 53 -- Restzeit ca. 0 h 07 min
[2026-10-01 14:30:38]   Arm C zurueckgesetzt (4.4 s).
[2026-10-01 14:30:38]   Container arm_mongodb neu gestartet (0.6 s).
[2026-10-01 14:31:10]   -> Durchsatz 5593.1 Ops/s, Median 0.665 ms, p95 0.948 ms, Operationen 111863, Fehler 0 (0.00%), geschrieben je Op 1.0
[2026-10-01 14:31:10] [13/21] SF1 L3 Arm A Fan-out 10 Lauf 53 -- Restzeit ca. 0 h 06 min
[2026-10-01 14:31:14]   Arm A zurueckgesetzt (3.6 s).
[2026-10-01 14:31:14]   Container arm_postgres neu gestartet (0.8 s).
[2026-10-01 14:31:46]   -> Durchsatz 14332.4 Ops/s, Median 0.265 ms, p95 0.386 ms, Operationen 286655, Fehler 0 (0.00%), geschrieben je Op 1.0
[2026-10-01 14:31:46] [14/21] SF1 L3 Arm A Fan-out 100 Lauf 53 -- Restzeit ca. 0 h 05 min
[2026-10-01 14:31:49]   Arm A zurueckgesetzt (2.8 s).
[2026-10-01 14:31:50]   Container arm_postgres neu gestartet (0.5 s).
[2026-10-01 14:32:23]   -> Durchsatz 15100.3 Ops/s, Median 0.254 ms, p95 0.373 ms, Operationen 302027, Fehler 0 (0.00%), geschrieben je Op 1.0
[2026-10-01 14:32:23] [15/21] SF1 L3 Arm A Fan-out 1000 Lauf 53 -- Restzeit ca. 0 h 05 min
[2026-10-01 14:32:26]   Arm A zurueckgesetzt (2.7 s).
[2026-10-01 14:32:26]   Container arm_postgres neu gestartet (0.5 s).
[2026-10-01 14:32:57]   -> Durchsatz 15632.1 Ops/s, Median 0.249 ms, p95 0.33 ms, Operationen 312705, Fehler 0 (0.00%), geschrieben je Op 1.0
[2026-10-01 14:32:57] [16/21] SF1 L3 Arm B Fan-out 10 Lauf 53 -- Restzeit ca. 0 h 04 min
[2026-10-01 14:33:13]   Arm B zurueckgesetzt (15.8 s).
[2026-10-01 14:33:14]   Container arm_mongodb neu gestartet (0.6 s).
[2026-10-01 14:33:45]   -> Durchsatz 19495.8 Ops/s, Median 0.193 ms, p95 0.302 ms, Operationen 389917, Fehler 0 (0.00%), geschrieben je Op 1.0
[2026-10-01 14:33:45] [17/21] SF1 L3 Arm B Fan-out 100 Lauf 53 -- Restzeit ca. 0 h 03 min
[2026-10-01 14:34:01]   Arm B zurueckgesetzt (15.7 s).
[2026-10-01 14:34:01]   Container arm_mongodb neu gestartet (0.5 s).
[2026-10-01 14:34:33]   -> Durchsatz 19286.9 Ops/s, Median 0.195 ms, p95 0.306 ms, Operationen 385742, Fehler 0 (0.00%), geschrieben je Op 1.0
[2026-10-01 14:34:33] [18/21] SF1 L3 Arm B Fan-out 1000 Lauf 53 -- Restzeit ca. 0 h 03 min
[2026-10-01 14:34:49]   Arm B zurueckgesetzt (16.1 s).
[2026-10-01 14:34:49]   Container arm_mongodb neu gestartet (0.5 s).
[2026-10-01 14:35:21]   -> Durchsatz 19403.3 Ops/s, Median 0.193 ms, p95 0.306 ms, Operationen 388071, Fehler 0 (0.00%), geschrieben je Op 1.0
[2026-10-01 14:35:21] [19/21] SF1 L3 Arm C Fan-out 10 Lauf 53 -- Restzeit ca. 0 h 02 min
[2026-10-01 14:35:25]   Arm C zurueckgesetzt (4.4 s).
[2026-10-01 14:35:25]   Container arm_mongodb neu gestartet (0.5 s).
[2026-10-01 14:35:57]   -> Durchsatz 7837.0 Ops/s, Median 0.498 ms, p95 0.648 ms, Operationen 156743, Fehler 0 (0.00%), geschrieben je Op 11.0
[2026-10-01 14:35:57] [20/21] SF1 L3 Arm C Fan-out 100 Lauf 53 -- Restzeit ca. 0 h 01 min
[2026-10-01 14:36:02]   Arm C zurueckgesetzt (4.5 s).
[2026-10-01 14:36:02]   Container arm_mongodb neu gestartet (0.6 s).
[2026-10-01 14:36:35]   -> Durchsatz 2982.5 Ops/s, Median 1.341 ms, p95 1.587 ms, Operationen 59654, Fehler 0 (0.00%), geschrieben je Op 100.9
[2026-10-01 14:36:35] [21/21] SF1 L3 Arm C Fan-out 1000 Lauf 53 -- Restzeit ca. 0 h 01 min
[2026-10-01 14:36:39]   Arm C zurueckgesetzt (4.6 s).
[2026-10-01 14:36:40]   Container arm_mongodb neu gestartet (0.6 s).
[2026-10-01 14:37:11]   -> Durchsatz 393.0 Ops/s, Median 9.872 ms, p95 13.543 ms, Operationen 7862, Fehler 0 (0.00%), geschrieben je Op 1000.0
[2026-10-01 14:37:11] Abschliessendes Zuruecksetzen von SF1 ...
[2026-10-01 14:37:16]   Arm A zurueckgesetzt (2.7 s).
[2026-10-01 14:37:31]   Arm B zurueckgesetzt (15.8 s).
[2026-10-01 14:37:36]   Arm C zurueckgesetzt (4.4 s).
[2026-10-01 14:37:38]   Arm A: sauber
[2026-10-01 14:37:38]   Arm B: sauber
[2026-10-01 14:37:38]   Arm C: sauber
[2026-10-01 14:37:38] ========================================================================
[2026-10-01 14:37:38] Zusammenfassung: 21 von 21 offenen Laeufen bearbeitet in 0 h 14 min.
[2026-10-01 14:37:38]   Zuruecksetzen Arm A: 5x, Median 2.8 s
[2026-10-01 14:37:38]   Zuruecksetzen Arm B: 5x, Median 15.8 s
[2026-10-01 14:37:38]   Zuruecksetzen Arm C: 5x, Median 4.5 s
[2026-10-01 14:37:38] Keine Fehler.
[2026-10-01 14:45:34] ========================================================================
[2026-10-01 14:45:34] run_all.py gestartet: --probe --ohne-sf2 --profil L2,L3 --lauf-nummer 54
[2026-10-01 14:45:34] Modus: PROBE; 10 s aufwaermen, 20 s messen, 4 Clients, Laufnummern [54]
[2026-10-01 14:45:34] Lastgenerator: Client-Container arm_client im Docker-Netz
[2026-10-01 14:45:34] Plan: 12 Laeufe, davon 0 bereits in messungen.csv, 12 offen.
[2026-10-01 14:45:34] WARNUNG: Fremdlast 55.1 % CPU: Code Helper (Renderer)
[2026-10-01 14:45:34] ------------------------------------------------------------------------
[2026-10-01 14:45:34] Block SF1: 12 offene Laeufe
[2026-10-01 14:45:34] Pruefe, welche Datenmenge geladen ist ...
[2026-10-01 14:45:34]   geladen: SF1
[2026-10-01 14:45:34] Pruefe Bestand (Anzahlen, Anschriften) ...
[2026-10-01 14:45:36]   Arm A: sauber
[2026-10-01 14:45:36]   Arm B: sauber
[2026-10-01 14:45:36]   Arm C: sauber
[2026-10-01 14:45:36] Vorhandene Dumps werden weiterverwendet.
[2026-10-01 14:45:36] [1/12] SF1 L2 Arm A Lauf 54 -- Restzeit ca. 0 h 12 min
[2026-10-01 14:45:38]   Arm A zurueckgesetzt (2.7 s).
[2026-10-01 14:45:39]   Container arm_postgres neu gestartet (0.7 s).
[2026-10-01 14:46:11]   -> Durchsatz 6888.9 Ops/s, Median 0.566 ms, p95 0.707 ms, Operationen 137791, Fehler 0 (0.00%), geschrieben je Op 3.0
[2026-10-01 14:46:11] [2/12] SF1 L2 Arm B Lauf 54 -- Restzeit ca. 0 h 06 min
[2026-10-01 14:46:27]   Arm B zurueckgesetzt (16.2 s).
[2026-10-01 14:46:29]   Container arm_mongodb neu gestartet (1.8 s).
[2026-10-01 14:47:00]   -> Durchsatz 3863.7 Ops/s, Median 1.02 ms, p95 1.377 ms, Operationen 77279, Fehler 0 (0.00%), geschrieben je Op 3.0
[2026-10-01 14:47:00] [3/12] SF1 L2 Arm C Lauf 54 -- Restzeit ca. 0 h 07 min
[2026-10-01 14:47:05]   Arm C zurueckgesetzt (4.5 s).
[2026-10-01 14:47:05]   Container arm_mongodb neu gestartet (0.6 s).
[2026-10-01 14:47:37]   -> Durchsatz 4178.1 Ops/s, Median 0.937 ms, p95 1.323 ms, Operationen 83566, Fehler 0 (0.00%), geschrieben je Op 1.0
[2026-10-01 14:47:37] [4/12] SF1 L3 Arm A Fan-out 10 Lauf 54 -- Restzeit ca. 0 h 06 min
[2026-10-01 14:47:40]   Arm A zurueckgesetzt (2.8 s).
[2026-10-01 14:47:40]   Container arm_postgres neu gestartet (0.5 s).
[2026-10-01 14:48:12]   -> Durchsatz 14172.7 Ops/s, Median 0.271 ms, p95 0.388 ms, Operationen 283455, Fehler 0 (0.00%), geschrieben je Op 1.0
[2026-10-01 14:48:12] [5/12] SF1 L3 Arm A Fan-out 100 Lauf 54 -- Restzeit ca. 0 h 05 min
[2026-10-01 14:48:15]   Arm A zurueckgesetzt (2.7 s).
[2026-10-01 14:48:15]   Container arm_postgres neu gestartet (0.5 s).
[2026-10-01 14:48:46]   -> Durchsatz 14141.4 Ops/s, Median 0.272 ms, p95 0.388 ms, Operationen 282831, Fehler 0 (0.00%), geschrieben je Op 1.0
[2026-10-01 14:48:46] [6/12] SF1 L3 Arm A Fan-out 1000 Lauf 54 -- Restzeit ca. 0 h 04 min
[2026-10-01 14:48:49]   Arm A zurueckgesetzt (2.7 s).
[2026-10-01 14:48:49]   Container arm_postgres neu gestartet (0.5 s).
[2026-10-01 14:49:21]   -> Durchsatz 14062.9 Ops/s, Median 0.274 ms, p95 0.387 ms, Operationen 281266, Fehler 0 (0.00%), geschrieben je Op 1.0
[2026-10-01 14:49:21] [7/12] SF1 L3 Arm B Fan-out 10 Lauf 54 -- Restzeit ca. 0 h 04 min
[2026-10-01 14:49:38]   Arm B zurueckgesetzt (16.3 s).
[2026-10-01 14:49:38]   Container arm_mongodb neu gestartet (0.6 s).
[2026-10-01 14:50:10]   -> Durchsatz 8282.5 Ops/s, Median 0.438 ms, p95 0.759 ms, Operationen 165654, Fehler 0 (0.00%), geschrieben je Op 1.0
[2026-10-01 14:50:10] [8/12] SF1 L3 Arm B Fan-out 100 Lauf 54 -- Restzeit ca. 0 h 03 min
[2026-10-01 14:50:26]   Arm B zurueckgesetzt (16.1 s).
[2026-10-01 14:50:26]   Container arm_mongodb neu gestartet (0.6 s).
[2026-10-01 14:50:58]   -> Durchsatz 8106.7 Ops/s, Median 0.448 ms, p95 0.769 ms, Operationen 162138, Fehler 0 (0.00%), geschrieben je Op 1.0
[2026-10-01 14:50:58] [9/12] SF1 L3 Arm B Fan-out 1000 Lauf 54 -- Restzeit ca. 0 h 03 min
[2026-10-01 14:51:13]   Arm B zurueckgesetzt (15.6 s).
[2026-10-01 14:51:14]   Container arm_mongodb neu gestartet (0.6 s).
[2026-10-01 14:51:45]   -> Durchsatz 8229.2 Ops/s, Median 0.442 ms, p95 0.761 ms, Operationen 164586, Fehler 0 (0.00%), geschrieben je Op 1.0
[2026-10-01 14:51:45] [10/12] SF1 L3 Arm C Fan-out 10 Lauf 54 -- Restzeit ca. 0 h 02 min
[2026-10-01 14:51:49]   Arm C zurueckgesetzt (4.2 s).
[2026-10-01 14:51:50]   Container arm_mongodb neu gestartet (0.6 s).
[2026-10-01 14:52:21]   -> Durchsatz 2749.6 Ops/s, Median 1.431 ms, p95 1.901 ms, Operationen 54996, Fehler 0 (0.00%), geschrieben je Op 11.0
[2026-10-01 14:52:21] [11/12] SF1 L3 Arm C Fan-out 100 Lauf 54 -- Restzeit ca. 0 h 01 min
[2026-10-01 14:52:25]   Arm C zurueckgesetzt (4.2 s).
[2026-10-01 14:52:26]   Container arm_mongodb neu gestartet (0.9 s).
[2026-10-01 14:52:57]   -> Durchsatz 1579.7 Ops/s, Median 2.505 ms, p95 3.087 ms, Operationen 31599, Fehler 0 (0.00%), geschrieben je Op 100.9
[2026-10-01 14:52:57] [12/12] SF1 L3 Arm C Fan-out 1000 Lauf 54 -- Restzeit ca. 0 h 01 min
[2026-10-01 14:53:02]   Arm C zurueckgesetzt (4.7 s).
[2026-10-01 14:53:04]   Container arm_mongodb neu gestartet (1.4 s).
[2026-10-01 14:53:35]   -> Durchsatz 348.9 Ops/s, Median 11.543 ms, p95 13.389 ms, Operationen 6981, Fehler 0 (0.00%), geschrieben je Op 1000.4
[2026-10-01 14:53:35] Abschliessendes Zuruecksetzen von SF1 ...
[2026-10-01 14:53:40]   Arm A zurueckgesetzt (2.8 s).
[2026-10-01 14:53:56]   Arm B zurueckgesetzt (16.0 s).
[2026-10-01 14:54:00]   Arm C zurueckgesetzt (4.4 s).
[2026-10-01 14:54:02]   Arm A: sauber
[2026-10-01 14:54:02]   Arm B: sauber
[2026-10-01 14:54:02]   Arm C: sauber
[2026-10-01 14:54:02] ========================================================================
[2026-10-01 14:54:02] Zusammenfassung: 12 von 12 offenen Laeufen bearbeitet in 0 h 08 min.
[2026-10-01 14:54:02]   Zuruecksetzen Arm A: 4x, Median 2.7 s
[2026-10-01 14:54:02]   Zuruecksetzen Arm B: 4x, Median 16.2 s
[2026-10-01 14:54:02]   Zuruecksetzen Arm C: 4x, Median 4.4 s
[2026-10-01 14:54:02] Keine Fehler.
[2026-10-01 22:55:41] ========================================================================
[2026-10-01 22:55:41] run_all.py gestartet: (ohne Parameter)
[2026-10-01 22:55:41] Modus: Messreihe; 60 s aufwaermen, 120 s messen, 4 Clients, Laufnummern [1, 2, 3, 4, 5]
[2026-10-01 22:55:41] Lastgenerator: Client-Container arm_client im Docker-Netz
[2026-10-01 22:55:41] Plan: 150 Laeufe, davon 0 bereits in messungen.csv, 150 offen.
[2026-10-01 22:55:41] ------------------------------------------------------------------------
[2026-10-01 22:55:41] Block SF1: 105 offene Laeufe
[2026-10-01 22:55:41] Pruefe, welche Datenmenge geladen ist ...
[2026-10-01 22:55:42]   geladen: SF1
[2026-10-01 22:55:42] Pruefe Bestand (Anzahlen, Anschriften) ...
[2026-10-01 22:55:44]   Arm A: sauber
[2026-10-01 22:55:44]   Arm B: sauber
[2026-10-01 22:55:44]   Arm C: sauber
[2026-10-01 22:55:44] Vorhandene Dumps werden weiterverwendet.
[2026-10-01 22:55:44] [1/150] SF1 L1 Arm A Lauf 1 -- Restzeit ca. 8 h 15 min zzgl. Umladen auf SF2
[2026-10-01 22:55:45]   Container arm_postgres neu gestartet (0.4 s).
[2026-10-01 22:58:48]   -> Durchsatz 29420.6 Ops/s, Median 0.129 ms, p95 0.187 ms, Operationen 3530471, Fehler 0 (0.00%)
[2026-10-01 22:58:48] [2/150] SF1 L1 Arm A Lauf 2 -- Restzeit ca. 8 h 03 min zzgl. Umladen auf SF2
[2026-10-01 23:01:51]   -> Durchsatz 29494.9 Ops/s, Median 0.129 ms, p95 0.186 ms, Operationen 3539400, Fehler 0 (0.00%)
[2026-10-01 23:01:51] [3/150] SF1 L1 Arm A Lauf 3 -- Restzeit ca. 7 h 59 min zzgl. Umladen auf SF2
[2026-10-01 23:04:54]   -> Durchsatz 29367.3 Ops/s, Median 0.13 ms, p95 0.187 ms, Operationen 3524080, Fehler 0 (0.00%)
[2026-10-01 23:04:54] [4/150] SF1 L1 Arm A Lauf 4 -- Restzeit ca. 7 h 55 min zzgl. Umladen auf SF2
[2026-10-01 23:07:56]   -> Durchsatz 29003.8 Ops/s, Median 0.13 ms, p95 0.202 ms, Operationen 3480466, Fehler 0 (0.00%)
[2026-10-01 23:07:56] [5/150] SF1 L1 Arm A Lauf 5 -- Restzeit ca. 7 h 52 min zzgl. Umladen auf SF2
[2026-10-01 23:10:59]   -> Durchsatz 30007.7 Ops/s, Median 0.126 ms, p95 0.191 ms, Operationen 3600921, Fehler 0 (0.00%)
[2026-10-01 23:10:59] [6/150] SF1 L1 Arm B Lauf 1 -- Restzeit ca. 7 h 49 min zzgl. Umladen auf SF2
[2026-10-01 23:10:59]   Container arm_mongodb neu gestartet (0.6 s).
[2026-10-01 23:14:01]   -> Durchsatz 4437.2 Ops/s, Median 0.868 ms, p95 1.21 ms, Operationen 532464, Fehler 0 (0.00%)
[2026-10-01 23:14:01] [7/150] SF1 L1 Arm B Lauf 2 -- Restzeit ca. 7 h 46 min zzgl. Umladen auf SF2
[2026-10-01 23:17:02]   -> Durchsatz 4547.5 Ops/s, Median 0.854 ms, p95 1.128 ms, Operationen 545709, Fehler 0 (0.00%)
[2026-10-01 23:17:02] [8/150] SF1 L1 Arm B Lauf 3 -- Restzeit ca. 7 h 43 min zzgl. Umladen auf SF2
[2026-10-01 23:20:03]   -> Durchsatz 4532.5 Ops/s, Median 0.856 ms, p95 1.135 ms, Operationen 543905, Fehler 0 (0.00%)
[2026-10-01 23:20:03] [9/150] SF1 L1 Arm B Lauf 4 -- Restzeit ca. 7 h 39 min zzgl. Umladen auf SF2
[2026-10-01 23:23:05]   -> Durchsatz 4520.3 Ops/s, Median 0.859 ms, p95 1.138 ms, Operationen 542440, Fehler 0 (0.00%)
[2026-10-01 23:23:05] [10/150] SF1 L1 Arm B Lauf 5 -- Restzeit ca. 7 h 36 min zzgl. Umladen auf SF2
[2026-10-01 23:26:07]   -> Durchsatz 4535.4 Ops/s, Median 0.856 ms, p95 1.134 ms, Operationen 544253, Fehler 0 (0.00%)
[2026-10-01 23:26:07] [11/150] SF1 L1 Arm C Lauf 1 -- Restzeit ca. 7 h 33 min zzgl. Umladen auf SF2
[2026-10-01 23:26:08]   Container arm_mongodb neu gestartet (0.5 s).
[2026-10-01 23:29:10]   -> Durchsatz 18665.6 Ops/s, Median 0.201 ms, p95 0.322 ms, Operationen 2239875, Fehler 0 (0.00%)
[2026-10-01 23:29:10] [12/150] SF1 L1 Arm C Lauf 2 -- Restzeit ca. 7 h 30 min zzgl. Umladen auf SF2
[2026-10-01 23:32:11]   -> Durchsatz 18684.7 Ops/s, Median 0.201 ms, p95 0.322 ms, Operationen 2242168, Fehler 0 (0.00%)
[2026-10-01 23:32:11] [13/150] SF1 L1 Arm C Lauf 3 -- Restzeit ca. 7 h 27 min zzgl. Umladen auf SF2
[2026-10-01 23:35:14]   -> Durchsatz 18578.0 Ops/s, Median 0.202 ms, p95 0.323 ms, Operationen 2229365, Fehler 0 (0.00%)
[2026-10-01 23:35:14] [14/150] SF1 L1 Arm C Lauf 4 -- Restzeit ca. 7 h 24 min zzgl. Umladen auf SF2
[2026-10-01 23:38:16]   -> Durchsatz 18546.6 Ops/s, Median 0.202 ms, p95 0.324 ms, Operationen 2225598, Fehler 0 (0.00%)
[2026-10-01 23:38:16] [15/150] SF1 L1 Arm C Lauf 5 -- Restzeit ca. 7 h 21 min zzgl. Umladen auf SF2
[2026-10-01 23:41:18]   -> Durchsatz 18601.0 Ops/s, Median 0.202 ms, p95 0.324 ms, Operationen 2232125, Fehler 0 (0.00%)
[2026-10-01 23:41:18] [16/150] SF1 L4-Q1 Arm A Lauf 1 -- Restzeit ca. 7 h 18 min zzgl. Umladen auf SF2
[2026-10-01 23:41:18]   Container arm_postgres neu gestartet (0.3 s).
[2026-10-01 23:44:19]   -> Durchsatz 48.4 Ops/s, Median 88.73 ms, p95 102.153 ms, Operationen 5809, Fehler 0 (0.00%)
[2026-10-01 23:44:19] [17/150] SF1 L4-Q1 Arm A Lauf 2 -- Restzeit ca. 7 h 15 min zzgl. Umladen auf SF2
[2026-10-01 23:47:22]   -> Durchsatz 48.2 Ops/s, Median 89.577 ms, p95 98.717 ms, Operationen 5784, Fehler 0 (0.00%)
[2026-10-01 23:47:22] [18/150] SF1 L4-Q1 Arm A Lauf 3 -- Restzeit ca. 7 h 12 min zzgl. Umladen auf SF2
[2026-10-01 23:50:23]   -> Durchsatz 48.3 Ops/s, Median 89.167 ms, p95 102.136 ms, Operationen 5794, Fehler 0 (0.00%)
[2026-10-01 23:50:23] [19/150] SF1 L4-Q1 Arm A Lauf 4 -- Restzeit ca. 7 h 09 min zzgl. Umladen auf SF2
[2026-10-01 23:53:25]   -> Durchsatz 48.3 Ops/s, Median 88.939 ms, p95 102.045 ms, Operationen 5797, Fehler 0 (0.00%)
[2026-10-01 23:53:25] [20/150] SF1 L4-Q1 Arm A Lauf 5 -- Restzeit ca. 7 h 06 min zzgl. Umladen auf SF2
[2026-10-01 23:56:26]   -> Durchsatz 48.2 Ops/s, Median 89.057 ms, p95 102.419 ms, Operationen 5789, Fehler 0 (0.00%)
[2026-10-01 23:56:26] [21/150] SF1 L4-Q2 Arm A Lauf 1 -- Restzeit ca. 7 h 02 min zzgl. Umladen auf SF2
[2026-10-01 23:59:28]   -> Durchsatz 838.8 Ops/s, Median 4.75 ms, p95 5.007 ms, Operationen 100663, Fehler 0 (0.00%)
[2026-10-01 23:59:28] [22/150] SF1 L4-Q2 Arm A Lauf 2 -- Restzeit ca. 6 h 59 min zzgl. Umladen auf SF2
[2026-10-02 00:02:29]   -> Durchsatz 840.8 Ops/s, Median 4.739 ms, p95 4.998 ms, Operationen 100894, Fehler 0 (0.00%)
[2026-10-02 00:02:29] [23/150] SF1 L4-Q2 Arm A Lauf 3 -- Restzeit ca. 6 h 56 min zzgl. Umladen auf SF2
[2026-10-02 00:05:31]   -> Durchsatz 840.4 Ops/s, Median 4.742 ms, p95 5.001 ms, Operationen 100848, Fehler 0 (0.00%)
[2026-10-02 00:05:31] [24/150] SF1 L4-Q2 Arm A Lauf 4 -- Restzeit ca. 6 h 53 min zzgl. Umladen auf SF2
[2026-10-02 00:08:32]   -> Durchsatz 841.6 Ops/s, Median 4.733 ms, p95 4.994 ms, Operationen 100998, Fehler 0 (0.00%)
[2026-10-02 00:08:32] [25/150] SF1 L4-Q2 Arm A Lauf 5 -- Restzeit ca. 6 h 50 min zzgl. Umladen auf SF2
[2026-10-02 00:11:33]   -> Durchsatz 841.0 Ops/s, Median 4.739 ms, p95 4.994 ms, Operationen 100919, Fehler 0 (0.00%)
[2026-10-02 00:11:33] [26/150] SF1 L4-Q1 Arm B Lauf 1 -- Restzeit ca. 6 h 47 min zzgl. Umladen auf SF2
[2026-10-02 00:11:34]   Container arm_mongodb neu gestartet (0.5 s).
[2026-10-02 00:14:35]   -> Durchsatz 32.4 Ops/s, Median 123.601 ms, p95 129.921 ms, Operationen 3886, Fehler 0 (0.00%)
[2026-10-02 00:14:35] [27/150] SF1 L4-Q1 Arm B Lauf 2 -- Restzeit ca. 6 h 44 min zzgl. Umladen auf SF2
[2026-10-02 00:17:37]   -> Durchsatz 32.2 Ops/s, Median 123.82 ms, p95 132.779 ms, Operationen 3867, Fehler 0 (0.00%)
[2026-10-02 00:17:37] [28/150] SF1 L4-Q1 Arm B Lauf 3 -- Restzeit ca. 6 h 41 min zzgl. Umladen auf SF2
[2026-10-02 00:20:39]   -> Durchsatz 32.2 Ops/s, Median 123.82 ms, p95 134.252 ms, Operationen 3862, Fehler 0 (0.00%)
[2026-10-02 00:20:39] [29/150] SF1 L4-Q1 Arm B Lauf 4 -- Restzeit ca. 6 h 38 min zzgl. Umladen auf SF2
[2026-10-02 00:23:40]   -> Durchsatz 32.2 Ops/s, Median 123.703 ms, p95 132.621 ms, Operationen 3872, Fehler 0 (0.00%)
[2026-10-02 00:23:40] [30/150] SF1 L4-Q1 Arm B Lauf 5 -- Restzeit ca. 6 h 35 min zzgl. Umladen auf SF2
[2026-10-02 00:26:41]   -> Durchsatz 32.0 Ops/s, Median 124.386 ms, p95 135.442 ms, Operationen 3842, Fehler 0 (0.00%)
[2026-10-02 00:26:41] [31/150] SF1 L4-Q2 Arm B Lauf 1 -- Restzeit ca. 6 h 32 min zzgl. Umladen auf SF2
[2026-10-02 00:29:43]   -> Durchsatz 235.3 Ops/s, Median 16.931 ms, p95 19.133 ms, Operationen 28235, Fehler 0 (0.00%)
[2026-10-02 00:29:43] [32/150] SF1 L4-Q2 Arm B Lauf 2 -- Restzeit ca. 6 h 29 min zzgl. Umladen auf SF2
[2026-10-02 00:32:44]   -> Durchsatz 233.5 Ops/s, Median 17.04 ms, p95 19.315 ms, Operationen 28022, Fehler 0 (0.00%)
[2026-10-02 00:32:44] [33/150] SF1 L4-Q2 Arm B Lauf 3 -- Restzeit ca. 6 h 26 min zzgl. Umladen auf SF2
[2026-10-02 00:35:47]   -> Durchsatz 234.6 Ops/s, Median 16.963 ms, p95 19.341 ms, Operationen 28153, Fehler 0 (0.00%)
[2026-10-02 00:35:47] [34/150] SF1 L4-Q2 Arm B Lauf 4 -- Restzeit ca. 6 h 23 min zzgl. Umladen auf SF2
[2026-10-02 00:38:49]   -> Durchsatz 234.8 Ops/s, Median 16.952 ms, p95 19.15 ms, Operationen 28174, Fehler 0 (0.00%)
[2026-10-02 00:38:49] [35/150] SF1 L4-Q2 Arm B Lauf 5 -- Restzeit ca. 6 h 20 min zzgl. Umladen auf SF2
[2026-10-02 00:41:50]   -> Durchsatz 235.6 Ops/s, Median 16.913 ms, p95 19.001 ms, Operationen 28275, Fehler 0 (0.00%)
[2026-10-02 00:41:50] [36/150] SF1 L4-Q1 Arm C Lauf 1 -- Restzeit ca. 6 h 17 min zzgl. Umladen auf SF2
[2026-10-02 00:41:50]   Container arm_mongodb neu gestartet (0.5 s).
[2026-10-02 00:44:52]   -> Durchsatz 55.3 Ops/s, Median 72.347 ms, p95 75.588 ms, Operationen 6644, Fehler 0 (0.00%)
[2026-10-02 00:44:52] [37/150] SF1 L4-Q1 Arm C Lauf 2 -- Restzeit ca. 6 h 14 min zzgl. Umladen auf SF2
[2026-10-02 00:47:53]   -> Durchsatz 56.3 Ops/s, Median 71.099 ms, p95 74.268 ms, Operationen 6758, Fehler 0 (0.00%)
[2026-10-02 00:47:53] [38/150] SF1 L4-Q1 Arm C Lauf 3 -- Restzeit ca. 6 h 11 min zzgl. Umladen auf SF2
[2026-10-02 00:50:54]   -> Durchsatz 56.6 Ops/s, Median 70.76 ms, p95 73.651 ms, Operationen 6798, Fehler 0 (0.00%)
[2026-10-02 00:50:54] [39/150] SF1 L4-Q1 Arm C Lauf 4 -- Restzeit ca. 6 h 08 min zzgl. Umladen auf SF2
[2026-10-02 00:53:57]   -> Durchsatz 56.6 Ops/s, Median 70.714 ms, p95 73.567 ms, Operationen 6800, Fehler 0 (0.00%)
[2026-10-02 00:53:57] [40/150] SF1 L4-Q1 Arm C Lauf 5 -- Restzeit ca. 6 h 05 min zzgl. Umladen auf SF2
[2026-10-02 00:56:58]   -> Durchsatz 56.5 Ops/s, Median 70.923 ms, p95 73.866 ms, Operationen 6781, Fehler 0 (0.00%)
[2026-10-02 00:56:58] [41/150] SF1 L4-Q2 Arm C Lauf 1 -- Restzeit ca. 6 h 02 min zzgl. Umladen auf SF2
[2026-10-02 01:00:00]   -> Durchsatz 201.7 Ops/s, Median 19.756 ms, p95 21.871 ms, Operationen 24209, Fehler 0 (0.00%)
[2026-10-02 01:00:00] [42/150] SF1 L4-Q2 Arm C Lauf 2 -- Restzeit ca. 5 h 59 min zzgl. Umladen auf SF2
[2026-10-02 01:03:02]   -> Durchsatz 202.8 Ops/s, Median 19.661 ms, p95 21.746 ms, Operationen 24333, Fehler 0 (0.00%)
[2026-10-02 01:03:02] [43/150] SF1 L4-Q2 Arm C Lauf 3 -- Restzeit ca. 5 h 55 min zzgl. Umladen auf SF2
[2026-10-02 01:06:04]   -> Durchsatz 202.5 Ops/s, Median 19.681 ms, p95 21.781 ms, Operationen 24300, Fehler 0 (0.00%)
[2026-10-02 01:06:04] [44/150] SF1 L4-Q2 Arm C Lauf 4 -- Restzeit ca. 5 h 52 min zzgl. Umladen auf SF2
[2026-10-02 01:09:05]   -> Durchsatz 201.9 Ops/s, Median 19.742 ms, p95 21.879 ms, Operationen 24236, Fehler 0 (0.00%)
[2026-10-02 01:09:05] [45/150] SF1 L4-Q2 Arm C Lauf 5 -- Restzeit ca. 5 h 49 min zzgl. Umladen auf SF2
[2026-10-02 01:12:06]   -> Durchsatz 202.8 Ops/s, Median 19.669 ms, p95 21.63 ms, Operationen 24340, Fehler 0 (0.00%)
[2026-10-02 01:12:06] [46/150] SF1 L2 Arm A Lauf 1 -- Restzeit ca. 5 h 46 min zzgl. Umladen auf SF2
[2026-10-02 01:12:09]   Arm A zurueckgesetzt (2.8 s).
[2026-10-02 01:12:10]   Container arm_postgres neu gestartet (0.5 s).
[2026-10-02 01:15:11]   -> Durchsatz 6925.2 Ops/s, Median 0.571 ms, p95 0.656 ms, Operationen 831036, Fehler 0 (0.00%), geschrieben je Op 3.0
[2026-10-02 01:15:11] [47/150] SF1 L2 Arm A Lauf 2 -- Restzeit ca. 5 h 18 min zzgl. Umladen auf SF2
[2026-10-02 01:15:14]   Arm A zurueckgesetzt (2.8 s).
[2026-10-02 01:15:14]   Container arm_postgres neu gestartet (0.6 s).
[2026-10-02 01:18:17]   -> Durchsatz 6731.0 Ops/s, Median 0.59 ms, p95 0.669 ms, Operationen 807721, Fehler 0 (0.00%), geschrieben je Op 3.0
[2026-10-02 01:18:17] [48/150] SF1 L2 Arm A Lauf 3 -- Restzeit ca. 5 h 15 min zzgl. Umladen auf SF2
[2026-10-02 01:18:20]   Arm A zurueckgesetzt (2.8 s).
[2026-10-02 01:18:20]   Container arm_postgres neu gestartet (0.5 s).
[2026-10-02 01:21:23]   -> Durchsatz 6711.9 Ops/s, Median 0.593 ms, p95 0.668 ms, Operationen 805434, Fehler 0 (0.00%), geschrieben je Op 3.0
[2026-10-02 01:21:23] [49/150] SF1 L2 Arm A Lauf 4 -- Restzeit ca. 5 h 13 min zzgl. Umladen auf SF2
[2026-10-02 01:21:25]   Arm A zurueckgesetzt (2.7 s).
[2026-10-02 01:21:26]   Container arm_postgres neu gestartet (0.6 s).
[2026-10-02 01:24:28]   -> Durchsatz 6753.2 Ops/s, Median 0.589 ms, p95 0.661 ms, Operationen 810434, Fehler 0 (0.00%), geschrieben je Op 3.0
[2026-10-02 01:24:28] [50/150] SF1 L2 Arm A Lauf 5 -- Restzeit ca. 5 h 09 min zzgl. Umladen auf SF2
[2026-10-02 01:24:32]   Arm A zurueckgesetzt (4.1 s).
[2026-10-02 01:24:32]   Container arm_postgres neu gestartet (0.6 s).
[2026-10-02 01:27:34]   -> Durchsatz 6799.1 Ops/s, Median 0.585 ms, p95 0.656 ms, Operationen 815899, Fehler 0 (0.00%), geschrieben je Op 3.0
[2026-10-02 01:27:34] [51/150] SF1 L2 Arm B Lauf 1 -- Restzeit ca. 5 h 06 min zzgl. Umladen auf SF2
[2026-10-02 01:27:50]   Arm B zurueckgesetzt (16.6 s).
[2026-10-02 01:27:51]   Container arm_mongodb neu gestartet (0.5 s).
[2026-10-02 01:30:52]   -> Durchsatz 4145.8 Ops/s, Median 0.942 ms, p95 1.313 ms, Operationen 497504, Fehler 0 (0.00%), geschrieben je Op 3.0
[2026-10-02 01:30:52] [52/150] SF1 L2 Arm B Lauf 2 -- Restzeit ca. 5 h 05 min zzgl. Umladen auf SF2
[2026-10-02 01:31:09]   Arm B zurueckgesetzt (17.1 s).
[2026-10-02 01:31:10]   Container arm_mongodb neu gestartet (0.6 s).
[2026-10-02 01:34:11]   -> Durchsatz 4300.6 Ops/s, Median 0.904 ms, p95 1.263 ms, Operationen 516076, Fehler 0 (0.00%), geschrieben je Op 3.0
[2026-10-02 01:34:11] [53/150] SF1 L2 Arm B Lauf 3 -- Restzeit ca. 5 h 04 min zzgl. Umladen auf SF2
[2026-10-02 01:34:28]   Arm B zurueckgesetzt (17.0 s).
[2026-10-02 01:34:29]   Container arm_mongodb neu gestartet (0.6 s).
[2026-10-02 01:37:30]   -> Durchsatz 4341.9 Ops/s, Median 0.896 ms, p95 1.248 ms, Operationen 521035, Fehler 0 (0.00%), geschrieben je Op 3.0
[2026-10-02 01:37:30] [54/150] SF1 L2 Arm B Lauf 4 -- Restzeit ca. 5 h 01 min zzgl. Umladen auf SF2
[2026-10-02 01:37:47]   Arm B zurueckgesetzt (16.5 s).
[2026-10-02 01:37:49]   Container arm_mongodb neu gestartet (1.9 s).
[2026-10-02 01:40:50]   -> Durchsatz 4234.3 Ops/s, Median 0.918 ms, p95 1.288 ms, Operationen 508124, Fehler 0 (0.00%), geschrieben je Op 3.0
[2026-10-02 01:40:50] [55/150] SF1 L2 Arm B Lauf 5 -- Restzeit ca. 4 h 59 min zzgl. Umladen auf SF2
[2026-10-02 01:41:08]   Arm B zurueckgesetzt (17.6 s).
[2026-10-02 01:41:10]   Container arm_mongodb neu gestartet (1.9 s).
[2026-10-02 01:44:11]   -> Durchsatz 4240.6 Ops/s, Median 0.916 ms, p95 1.285 ms, Operationen 508881, Fehler 0 (0.00%), geschrieben je Op 3.0
[2026-10-02 01:44:11] [56/150] SF1 L2 Arm C Lauf 1 -- Restzeit ca. 4 h 57 min zzgl. Umladen auf SF2
[2026-10-02 01:44:15]   Arm C zurueckgesetzt (4.4 s).
[2026-10-02 01:44:16]   Container arm_mongodb neu gestartet (1.0 s).
[2026-10-02 01:47:18]   -> Durchsatz 4294.0 Ops/s, Median 0.909 ms, p95 1.284 ms, Operationen 515280, Fehler 0 (0.00%), geschrieben je Op 1.0
[2026-10-02 01:47:18] [57/150] SF1 L2 Arm C Lauf 2 -- Restzeit ca. 4 h 53 min zzgl. Umladen auf SF2
[2026-10-02 01:47:22]   Arm C zurueckgesetzt (4.7 s).
[2026-10-02 01:47:23]   Container arm_mongodb neu gestartet (0.6 s).
[2026-10-02 01:50:25]   -> Durchsatz 4350.2 Ops/s, Median 0.897 ms, p95 1.263 ms, Operationen 522030, Fehler 0 (0.00%), geschrieben je Op 1.0
[2026-10-02 01:50:25] [58/150] SF1 L2 Arm C Lauf 3 -- Restzeit ca. 4 h 50 min zzgl. Umladen auf SF2
[2026-10-02 01:50:30]   Arm C zurueckgesetzt (4.4 s).
[2026-10-02 01:50:30]   Container arm_mongodb neu gestartet (0.6 s).
[2026-10-02 01:53:33]   -> Durchsatz 4364.1 Ops/s, Median 0.895 ms, p95 1.262 ms, Operationen 523696, Fehler 0 (0.00%), geschrieben je Op 1.0
[2026-10-02 01:53:33] [59/150] SF1 L2 Arm C Lauf 4 -- Restzeit ca. 4 h 46 min zzgl. Umladen auf SF2
[2026-10-02 01:53:37]   Arm C zurueckgesetzt (4.4 s).
[2026-10-02 01:53:38]   Container arm_mongodb neu gestartet (0.6 s).
[2026-10-02 01:56:39]   -> Durchsatz 4336.0 Ops/s, Median 0.9 ms, p95 1.267 ms, Operationen 520320, Fehler 0 (0.00%), geschrieben je Op 1.0
[2026-10-02 01:56:39] [60/150] SF1 L2 Arm C Lauf 5 -- Restzeit ca. 4 h 43 min zzgl. Umladen auf SF2
[2026-10-02 01:56:43]   Arm C zurueckgesetzt (4.3 s).
[2026-10-02 01:56:44]   Container arm_mongodb neu gestartet (0.6 s).
[2026-10-02 01:59:45]   -> Durchsatz 4319.9 Ops/s, Median 0.903 ms, p95 1.276 ms, Operationen 518385, Fehler 0 (0.00%), geschrieben je Op 1.0
[2026-10-02 01:59:45] [61/150] SF1 L3 Arm A Fan-out 10 Lauf 1 -- Restzeit ca. 4 h 39 min zzgl. Umladen auf SF2
[2026-10-02 01:59:48]   Arm A zurueckgesetzt (2.9 s).
[2026-10-02 01:59:49]   Container arm_postgres neu gestartet (0.5 s).
[2026-10-02 02:02:50]   -> Durchsatz 14401.7 Ops/s, Median 0.263 ms, p95 0.402 ms, Operationen 1728215, Fehler 0 (0.00%), geschrieben je Op 1.0
[2026-10-02 02:02:50] [62/150] SF1 L3 Arm A Fan-out 10 Lauf 2 -- Restzeit ca. 4 h 36 min zzgl. Umladen auf SF2
[2026-10-02 02:02:53]   Arm A zurueckgesetzt (2.8 s).
[2026-10-02 02:02:54]   Container arm_postgres neu gestartet (0.5 s).
[2026-10-02 02:05:56]   -> Durchsatz 14361.2 Ops/s, Median 0.266 ms, p95 0.399 ms, Operationen 1723368, Fehler 0 (0.00%), geschrieben je Op 1.0
[2026-10-02 02:05:56] [63/150] SF1 L3 Arm A Fan-out 10 Lauf 3 -- Restzeit ca. 4 h 32 min zzgl. Umladen auf SF2
[2026-10-02 02:05:58]   Arm A zurueckgesetzt (2.7 s).
[2026-10-02 02:05:59]   Container arm_postgres neu gestartet (0.5 s).
[2026-10-02 02:09:01]   -> Durchsatz 14275.2 Ops/s, Median 0.27 ms, p95 0.385 ms, Operationen 1713031, Fehler 0 (0.00%), geschrieben je Op 1.0
[2026-10-02 02:09:01] [64/150] SF1 L3 Arm A Fan-out 10 Lauf 4 -- Restzeit ca. 4 h 29 min zzgl. Umladen auf SF2
[2026-10-02 02:09:04]   Arm A zurueckgesetzt (2.7 s).
[2026-10-02 02:09:04]   Container arm_postgres neu gestartet (0.5 s).
[2026-10-02 02:12:06]   -> Durchsatz 14195.3 Ops/s, Median 0.271 ms, p95 0.39 ms, Operationen 1703441, Fehler 0 (0.00%), geschrieben je Op 1.0
[2026-10-02 02:12:06] [65/150] SF1 L3 Arm A Fan-out 10 Lauf 5 -- Restzeit ca. 4 h 26 min zzgl. Umladen auf SF2
[2026-10-02 02:12:08]   Arm A zurueckgesetzt (2.7 s).
[2026-10-02 02:12:09]   Container arm_postgres neu gestartet (0.5 s).
[2026-10-02 02:15:12]   -> Durchsatz 14597.4 Ops/s, Median 0.264 ms, p95 0.374 ms, Operationen 1751688, Fehler 0 (0.00%), geschrieben je Op 1.0
[2026-10-02 02:15:12] [66/150] SF1 L3 Arm A Fan-out 100 Lauf 1 -- Restzeit ca. 4 h 23 min zzgl. Umladen auf SF2
[2026-10-02 02:15:15]   Arm A zurueckgesetzt (2.7 s).
[2026-10-02 02:15:15]   Container arm_postgres neu gestartet (0.5 s).
[2026-10-02 02:18:17]   -> Durchsatz 14276.9 Ops/s, Median 0.271 ms, p95 0.381 ms, Operationen 1713231, Fehler 0 (0.00%), geschrieben je Op 1.0
[2026-10-02 02:18:17] [67/150] SF1 L3 Arm A Fan-out 100 Lauf 2 -- Restzeit ca. 4 h 19 min zzgl. Umladen auf SF2
[2026-10-02 02:18:20]   Arm A zurueckgesetzt (2.7 s).
[2026-10-02 02:18:20]   Container arm_postgres neu gestartet (0.5 s).
[2026-10-02 02:21:22]   -> Durchsatz 14412.3 Ops/s, Median 0.267 ms, p95 0.381 ms, Operationen 1729476, Fehler 0 (0.00%), geschrieben je Op 1.0
[2026-10-02 02:21:22] [68/150] SF1 L3 Arm A Fan-out 100 Lauf 3 -- Restzeit ca. 4 h 16 min zzgl. Umladen auf SF2
[2026-10-02 02:21:25]   Arm A zurueckgesetzt (2.7 s).
[2026-10-02 02:21:25]   Container arm_postgres neu gestartet (0.5 s).
[2026-10-02 02:24:27]   -> Durchsatz 14888.8 Ops/s, Median 0.258 ms, p95 0.371 ms, Operationen 1786667, Fehler 0 (0.00%), geschrieben je Op 1.0
[2026-10-02 02:24:27] [69/150] SF1 L3 Arm A Fan-out 100 Lauf 4 -- Restzeit ca. 4 h 13 min zzgl. Umladen auf SF2
[2026-10-02 02:24:30]   Arm A zurueckgesetzt (2.7 s).
[2026-10-02 02:24:30]   Container arm_postgres neu gestartet (0.5 s).
[2026-10-02 02:27:32]   -> Durchsatz 14495.9 Ops/s, Median 0.266 ms, p95 0.374 ms, Operationen 1739510, Fehler 0 (0.00%), geschrieben je Op 1.0
[2026-10-02 02:27:32] [70/150] SF1 L3 Arm A Fan-out 100 Lauf 5 -- Restzeit ca. 4 h 09 min zzgl. Umladen auf SF2
[2026-10-02 02:27:35]   Arm A zurueckgesetzt (2.8 s).
[2026-10-02 02:27:35]   Container arm_postgres neu gestartet (0.4 s).
[2026-10-02 02:30:37]   -> Durchsatz 14594.4 Ops/s, Median 0.264 ms, p95 0.376 ms, Operationen 1751337, Fehler 0 (0.00%), geschrieben je Op 1.0
[2026-10-02 02:30:37] [71/150] SF1 L3 Arm A Fan-out 1000 Lauf 1 -- Restzeit ca. 4 h 06 min zzgl. Umladen auf SF2
[2026-10-02 02:30:39]   Arm A zurueckgesetzt (2.7 s).
[2026-10-02 02:30:40]   Container arm_postgres neu gestartet (0.5 s).
[2026-10-02 02:33:42]   -> Durchsatz 14516.0 Ops/s, Median 0.265 ms, p95 0.377 ms, Operationen 1741917, Fehler 0 (0.00%), geschrieben je Op 1.0
[2026-10-02 02:33:42] [72/150] SF1 L3 Arm A Fan-out 1000 Lauf 2 -- Restzeit ca. 4 h 03 min zzgl. Umladen auf SF2
[2026-10-02 02:33:44]   Arm A zurueckgesetzt (2.7 s).
[2026-10-02 02:33:45]   Container arm_postgres neu gestartet (0.5 s).
[2026-10-02 02:36:46]   -> Durchsatz 14481.5 Ops/s, Median 0.267 ms, p95 0.376 ms, Operationen 1737787, Fehler 0 (0.00%), geschrieben je Op 1.0
[2026-10-02 02:36:46] [73/150] SF1 L3 Arm A Fan-out 1000 Lauf 3 -- Restzeit ca. 4 h 00 min zzgl. Umladen auf SF2
[2026-10-02 02:36:49]   Arm A zurueckgesetzt (2.7 s).
[2026-10-02 02:36:50]   Container arm_postgres neu gestartet (0.5 s).
[2026-10-02 02:39:53]   -> Durchsatz 14374.0 Ops/s, Median 0.268 ms, p95 0.378 ms, Operationen 1724882, Fehler 0 (0.00%), geschrieben je Op 1.0
[2026-10-02 02:39:53] [74/150] SF1 L3 Arm A Fan-out 1000 Lauf 4 -- Restzeit ca. 3 h 57 min zzgl. Umladen auf SF2
[2026-10-02 02:39:55]   Arm A zurueckgesetzt (2.7 s).
[2026-10-02 02:39:56]   Container arm_postgres neu gestartet (0.5 s).
[2026-10-02 02:42:57]   -> Durchsatz 14477.5 Ops/s, Median 0.266 ms, p95 0.377 ms, Operationen 1737306, Fehler 0 (0.00%), geschrieben je Op 1.0
[2026-10-02 02:42:57] [75/150] SF1 L3 Arm A Fan-out 1000 Lauf 5 -- Restzeit ca. 3 h 53 min zzgl. Umladen auf SF2
[2026-10-02 02:43:00]   Arm A zurueckgesetzt (2.7 s).
[2026-10-02 02:43:01]   Container arm_postgres neu gestartet (0.5 s).
[2026-10-02 02:46:02]   -> Durchsatz 14411.2 Ops/s, Median 0.268 ms, p95 0.378 ms, Operationen 1729354, Fehler 0 (0.00%), geschrieben je Op 1.0
[2026-10-02 02:46:02] [76/150] SF1 L3 Arm B Fan-out 10 Lauf 1 -- Restzeit ca. 3 h 50 min zzgl. Umladen auf SF2
[2026-10-02 02:46:18]   Arm B zurueckgesetzt (15.5 s).
[2026-10-02 02:46:19]   Container arm_mongodb neu gestartet (0.6 s).
[2026-10-02 02:49:20]   -> Durchsatz 9089.9 Ops/s, Median 0.393 ms, p95 0.702 ms, Operationen 1090795, Fehler 0 (0.00%), geschrieben je Op 1.0
[2026-10-02 02:49:20] [77/150] SF1 L3 Arm B Fan-out 10 Lauf 2 -- Restzeit ca. 3 h 47 min zzgl. Umladen auf SF2
[2026-10-02 02:49:35]   Arm B zurueckgesetzt (15.4 s).
[2026-10-02 02:49:36]   Container arm_mongodb neu gestartet (0.6 s).
[2026-10-02 02:52:41]   -> Durchsatz 9194.2 Ops/s, Median 0.387 ms, p95 0.692 ms, Operationen 1103308, Fehler 0 (0.00%), geschrieben je Op 1.0
[2026-10-02 02:52:41] [78/150] SF1 L3 Arm B Fan-out 10 Lauf 3 -- Restzeit ca. 3 h 44 min zzgl. Umladen auf SF2
[2026-10-02 02:52:56]   Arm B zurueckgesetzt (15.5 s).
[2026-10-02 02:52:57]   Container arm_mongodb neu gestartet (0.6 s).
[2026-10-02 02:55:58]   -> Durchsatz 9262.5 Ops/s, Median 0.386 ms, p95 0.683 ms, Operationen 1111502, Fehler 0 (0.00%), geschrieben je Op 1.0
[2026-10-02 02:55:58] [79/150] SF1 L3 Arm B Fan-out 10 Lauf 4 -- Restzeit ca. 3 h 41 min zzgl. Umladen auf SF2
[2026-10-02 02:56:14]   Arm B zurueckgesetzt (15.3 s).
[2026-10-02 02:56:14]   Container arm_mongodb neu gestartet (0.6 s).
[2026-10-02 02:59:16]   -> Durchsatz 9000.2 Ops/s, Median 0.396 ms, p95 0.71 ms, Operationen 1080031, Fehler 0 (0.00%), geschrieben je Op 1.0
[2026-10-02 02:59:16] [80/150] SF1 L3 Arm B Fan-out 10 Lauf 5 -- Restzeit ca. 3 h 38 min zzgl. Umladen auf SF2
[2026-10-02 02:59:31]   Arm B zurueckgesetzt (15.4 s).
[2026-10-02 02:59:32]   Container arm_mongodb neu gestartet (0.6 s).
[2026-10-02 03:02:33]   -> Durchsatz 9232.6 Ops/s, Median 0.386 ms, p95 0.688 ms, Operationen 1107919, Fehler 0 (0.00%), geschrieben je Op 1.0
[2026-10-02 03:02:33] [81/150] SF1 L3 Arm B Fan-out 100 Lauf 1 -- Restzeit ca. 3 h 35 min zzgl. Umladen auf SF2
[2026-10-02 03:02:49]   Arm B zurueckgesetzt (15.4 s).
[2026-10-02 03:02:49]   Container arm_mongodb neu gestartet (0.6 s).
[2026-10-02 03:05:52]   -> Durchsatz 9040.8 Ops/s, Median 0.395 ms, p95 0.703 ms, Operationen 1084899, Fehler 0 (0.00%), geschrieben je Op 1.0
[2026-10-02 03:05:52] [82/150] SF1 L3 Arm B Fan-out 100 Lauf 2 -- Restzeit ca. 3 h 32 min zzgl. Umladen auf SF2
[2026-10-02 03:06:07]   Arm B zurueckgesetzt (15.4 s).
[2026-10-02 03:06:08]   Container arm_mongodb neu gestartet (0.6 s).
[2026-10-02 03:09:09]   -> Durchsatz 9162.9 Ops/s, Median 0.388 ms, p95 0.695 ms, Operationen 1099557, Fehler 0 (0.00%), geschrieben je Op 1.0
[2026-10-02 03:09:09] [83/150] SF1 L3 Arm B Fan-out 100 Lauf 3 -- Restzeit ca. 3 h 29 min zzgl. Umladen auf SF2
[2026-10-02 03:09:24]   Arm B zurueckgesetzt (15.3 s).
[2026-10-02 03:09:25]   Container arm_mongodb neu gestartet (0.6 s).
[2026-10-02 03:12:28]   -> Durchsatz 9229.1 Ops/s, Median 0.388 ms, p95 0.688 ms, Operationen 1107497, Fehler 0 (0.00%), geschrieben je Op 1.0
[2026-10-02 03:12:28] [84/150] SF1 L3 Arm B Fan-out 100 Lauf 4 -- Restzeit ca. 3 h 26 min zzgl. Umladen auf SF2
[2026-10-02 03:12:43]   Arm B zurueckgesetzt (15.4 s).
[2026-10-02 03:12:44]   Container arm_mongodb neu gestartet (0.6 s).
[2026-10-02 03:15:45]   -> Durchsatz 9283.3 Ops/s, Median 0.384 ms, p95 0.684 ms, Operationen 1114002, Fehler 0 (0.00%), geschrieben je Op 1.0
[2026-10-02 03:15:45] [85/150] SF1 L3 Arm B Fan-out 100 Lauf 5 -- Restzeit ca. 3 h 23 min zzgl. Umladen auf SF2
[2026-10-02 03:16:01]   Arm B zurueckgesetzt (15.4 s).
[2026-10-02 03:16:01]   Container arm_mongodb neu gestartet (0.6 s).
[2026-10-02 03:19:03]   -> Durchsatz 9357.0 Ops/s, Median 0.382 ms, p95 0.674 ms, Operationen 1122844, Fehler 0 (0.00%), geschrieben je Op 1.0
[2026-10-02 03:19:03] [86/150] SF1 L3 Arm B Fan-out 1000 Lauf 1 -- Restzeit ca. 3 h 20 min zzgl. Umladen auf SF2
[2026-10-02 03:19:18]   Arm B zurueckgesetzt (15.4 s).
[2026-10-02 03:19:19]   Container arm_mongodb neu gestartet (0.6 s).
[2026-10-02 03:22:20]   -> Durchsatz 9254.1 Ops/s, Median 0.387 ms, p95 0.684 ms, Operationen 1110496, Fehler 0 (0.00%), geschrieben je Op 1.0
[2026-10-02 03:22:20] [87/150] SF1 L3 Arm B Fan-out 1000 Lauf 2 -- Restzeit ca. 3 h 17 min zzgl. Umladen auf SF2
[2026-10-02 03:22:35]   Arm B zurueckgesetzt (15.3 s).
[2026-10-02 03:22:36]   Container arm_mongodb neu gestartet (0.6 s).
[2026-10-02 03:25:38]   -> Durchsatz 9391.2 Ops/s, Median 0.387 ms, p95 0.659 ms, Operationen 1126957, Fehler 0 (0.00%), geschrieben je Op 1.0
[2026-10-02 03:25:38] [88/150] SF1 L3 Arm B Fan-out 1000 Lauf 3 -- Restzeit ca. 3 h 14 min zzgl. Umladen auf SF2
[2026-10-02 03:25:53]   Arm B zurueckgesetzt (15.4 s).
[2026-10-02 03:25:54]   Container arm_mongodb neu gestartet (0.6 s).
[2026-10-02 03:28:55]   -> Durchsatz 9642.1 Ops/s, Median 0.381 ms, p95 0.62 ms, Operationen 1157060, Fehler 0 (0.00%), geschrieben je Op 1.0
[2026-10-02 03:28:55] [89/150] SF1 L3 Arm B Fan-out 1000 Lauf 4 -- Restzeit ca. 3 h 10 min zzgl. Umladen auf SF2
[2026-10-02 03:29:11]   Arm B zurueckgesetzt (15.4 s).
[2026-10-02 03:29:11]   Container arm_mongodb neu gestartet (0.6 s).
[2026-10-02 03:32:13]   -> Durchsatz 9694.5 Ops/s, Median 0.381 ms, p95 0.608 ms, Operationen 1163346, Fehler 0 (0.00%), geschrieben je Op 1.0
[2026-10-02 03:32:13] [90/150] SF1 L3 Arm B Fan-out 1000 Lauf 5 -- Restzeit ca. 3 h 07 min zzgl. Umladen auf SF2
[2026-10-02 03:32:29]   Arm B zurueckgesetzt (15.8 s).
[2026-10-02 03:32:29]   Container arm_mongodb neu gestartet (0.6 s).
[2026-10-02 03:35:32]   -> Durchsatz 9432.8 Ops/s, Median 0.392 ms, p95 0.625 ms, Operationen 1131938, Fehler 0 (0.00%), geschrieben je Op 1.0
[2026-10-02 03:35:32] [91/150] SF1 L3 Arm C Fan-out 10 Lauf 1 -- Restzeit ca. 3 h 04 min zzgl. Umladen auf SF2
[2026-10-02 03:35:36]   Arm C zurueckgesetzt (4.2 s).
[2026-10-02 03:35:36]   Container arm_mongodb neu gestartet (0.6 s).
[2026-10-02 03:38:38]   -> Durchsatz 3219.7 Ops/s, Median 1.203 ms, p95 1.546 ms, Operationen 386372, Fehler 0 (0.00%), geschrieben je Op 11.0
[2026-10-02 03:38:38] [92/150] SF1 L3 Arm C Fan-out 10 Lauf 2 -- Restzeit ca. 3 h 01 min zzgl. Umladen auf SF2
[2026-10-02 03:38:42]   Arm C zurueckgesetzt (4.2 s).
[2026-10-02 03:38:43]   Container arm_mongodb neu gestartet (0.6 s).
[2026-10-02 03:41:44]   -> Durchsatz 3199.2 Ops/s, Median 1.212 ms, p95 1.56 ms, Operationen 383912, Fehler 0 (0.00%), geschrieben je Op 11.0
[2026-10-02 03:41:44] [93/150] SF1 L3 Arm C Fan-out 10 Lauf 3 -- Restzeit ca. 2 h 58 min zzgl. Umladen auf SF2
[2026-10-02 03:41:48]   Arm C zurueckgesetzt (4.2 s).
[2026-10-02 03:41:49]   Container arm_mongodb neu gestartet (0.6 s).
[2026-10-02 03:44:50]   -> Durchsatz 3205.1 Ops/s, Median 1.21 ms, p95 1.557 ms, Operationen 384617, Fehler 0 (0.00%), geschrieben je Op 11.0
[2026-10-02 03:44:50] [94/150] SF1 L3 Arm C Fan-out 10 Lauf 4 -- Restzeit ca. 2 h 55 min zzgl. Umladen auf SF2
[2026-10-02 03:44:54]   Arm C zurueckgesetzt (4.2 s).
[2026-10-02 03:44:55]   Container arm_mongodb neu gestartet (0.6 s).
[2026-10-02 03:47:57]   -> Durchsatz 3183.5 Ops/s, Median 1.213 ms, p95 1.579 ms, Operationen 382026, Fehler 0 (0.00%), geschrieben je Op 11.0
[2026-10-02 03:47:57] [95/150] SF1 L3 Arm C Fan-out 10 Lauf 5 -- Restzeit ca. 2 h 51 min zzgl. Umladen auf SF2
[2026-10-02 03:48:01]   Arm C zurueckgesetzt (4.2 s).
[2026-10-02 03:48:02]   Container arm_mongodb neu gestartet (0.5 s).
[2026-10-02 03:51:03]   -> Durchsatz 3163.4 Ops/s, Median 1.222 ms, p95 1.588 ms, Operationen 379614, Fehler 0 (0.00%), geschrieben je Op 11.0
[2026-10-02 03:51:03] [96/150] SF1 L3 Arm C Fan-out 100 Lauf 1 -- Restzeit ca. 2 h 48 min zzgl. Umladen auf SF2
[2026-10-02 03:51:08]   Arm C zurueckgesetzt (4.4 s).
[2026-10-02 03:51:08]   Container arm_mongodb neu gestartet (0.6 s).
[2026-10-02 03:54:10]   -> Durchsatz 1342.5 Ops/s, Median 2.291 ms, p95 6.272 ms, Operationen 161409, Fehler 0 (0.00%), geschrieben je Op 100.9
[2026-10-02 03:54:10] [97/150] SF1 L3 Arm C Fan-out 100 Lauf 2 -- Restzeit ca. 2 h 45 min zzgl. Umladen auf SF2
[2026-10-02 03:54:14]   Arm C zurueckgesetzt (4.3 s).
[2026-10-02 03:54:15]   Container arm_mongodb neu gestartet (0.7 s).
[2026-10-02 03:57:16]   -> Durchsatz 1545.7 Ops/s, Median 2.301 ms, p95 3.972 ms, Operationen 185677, Fehler 0 (0.00%), geschrieben je Op 100.9
[2026-10-02 03:57:16] [98/150] SF1 L3 Arm C Fan-out 100 Lauf 3 -- Restzeit ca. 2 h 42 min zzgl. Umladen auf SF2
[2026-10-02 03:57:21]   Arm C zurueckgesetzt (4.3 s).
[2026-10-02 03:57:23]   Container arm_mongodb neu gestartet (1.8 s).
[2026-10-02 04:00:24]   -> Durchsatz 1182.3 Ops/s, Median 2.558 ms, p95 6.886 ms, Operationen 141873, Fehler 0 (0.00%), geschrieben je Op 100.9
[2026-10-02 04:00:24] [99/150] SF1 L3 Arm C Fan-out 100 Lauf 4 -- Restzeit ca. 2 h 39 min zzgl. Umladen auf SF2
[2026-10-02 04:00:28]   Arm C zurueckgesetzt (4.3 s).
[2026-10-02 04:00:29]   Container arm_mongodb neu gestartet (0.6 s).
[2026-10-02 04:03:30]   -> Durchsatz 1293.9 Ops/s, Median 2.519 ms, p95 6.338 ms, Operationen 155266, Fehler 0 (0.00%), geschrieben je Op 100.9
[2026-10-02 04:03:30] [100/150] SF1 L3 Arm C Fan-out 100 Lauf 5 -- Restzeit ca. 2 h 35 min zzgl. Umladen auf SF2
[2026-10-02 04:03:35]   Arm C zurueckgesetzt (4.3 s).
[2026-10-02 04:03:35]   Container arm_mongodb neu gestartet (0.5 s).
[2026-10-02 04:06:37]   -> Durchsatz 1217.5 Ops/s, Median 2.636 ms, p95 6.723 ms, Operationen 146375, Fehler 0 (0.00%), geschrieben je Op 100.9
[2026-10-02 04:06:37] [101/150] SF1 L3 Arm C Fan-out 1000 Lauf 1 -- Restzeit ca. 2 h 32 min zzgl. Umladen auf SF2
[2026-10-02 04:06:41]   Arm C zurueckgesetzt (4.3 s).
[2026-10-02 04:06:41]   Container arm_mongodb neu gestartet (0.6 s).
[2026-10-02 04:09:43]   -> Durchsatz 315.8 Ops/s, Median 12.479 ms, p95 15.756 ms, Operationen 37903, Fehler 0 (0.00%), geschrieben je Op 999.6
[2026-10-02 04:09:43] [102/150] SF1 L3 Arm C Fan-out 1000 Lauf 2 -- Restzeit ca. 2 h 29 min zzgl. Umladen auf SF2
[2026-10-02 04:09:47]   Arm C zurueckgesetzt (4.5 s).
[2026-10-02 04:09:48]   Container arm_mongodb neu gestartet (0.6 s).
[2026-10-02 04:10:18] !!!!!!!!!!!!!!!!!!!!!!!!!!!!!!!!!!!!!!!!!!!!!!!!!!!!!!!!!!!!!!!!!!!!!!!!
[2026-10-02 04:10:18] !!! FEHLER: SF1 L3 Arm C Fan-out 1000 Lauf 2: bench.py endete mit Code 1
[2026-10-02 04:10:18] !!!!!!!!!!!!!!!!!!!!!!!!!!!!!!!!!!!!!!!!!!!!!!!!!!!!!!!!!!!!!!!!!!!!!!!!
[2026-10-02 04:10:18]     | Dockerfile:5
[2026-10-02 04:10:18]     | --------------------
[2026-10-02 04:10:18]     |    3 |     # Python-Version und Paketversionen entsprechen der virtuellen Umgebung .venv
[2026-10-02 04:10:18]     |    4 |     # (siehe ergebnisse/umgebung.txt).
[2026-10-02 04:10:18]     |    5 | >>> FROM python:3.9.6-slim
[2026-10-02 04:10:18]     |    6 |     RUN pip install --no-cache-dir "psycopg[binary]==3.2.13" "pymongo==4.18.2"
[2026-10-02 04:10:18]     |    7 |     WORKDIR /projekt
[2026-10-02 04:10:18]     | --------------------
[2026-10-02 04:10:18]     | ERROR: failed to build: failed to solve: python:3.9.6-slim: failed to resolve source metadata for docker.io/library/python:3.9.6-slim: failed to do request: Head "https://registry-1.docker.io/v2/library/python/manifests/3.9.6-slim": dialing registry-1.docker.io:443 container via direct connection because Docker Desktop has no HTTPS proxy: connecting to registry-1.docker.io:443: dial tcp: lookup registry-1.docker.io: no such host
[2026-10-02 04:10:18] [103/150] SF1 L3 Arm C Fan-out 1000 Lauf 3 -- Restzeit ca. 2 h 26 min zzgl. Umladen auf SF2
[2026-10-02 04:10:22]   Arm C zurueckgesetzt (4.2 s).
[2026-10-02 04:10:23]   Container arm_mongodb neu gestartet (0.5 s).
[2026-10-02 04:10:53] !!!!!!!!!!!!!!!!!!!!!!!!!!!!!!!!!!!!!!!!!!!!!!!!!!!!!!!!!!!!!!!!!!!!!!!!
[2026-10-02 04:10:53] !!! FEHLER: SF1 L3 Arm C Fan-out 1000 Lauf 3: bench.py endete mit Code 1
[2026-10-02 04:10:53] !!!!!!!!!!!!!!!!!!!!!!!!!!!!!!!!!!!!!!!!!!!!!!!!!!!!!!!!!!!!!!!!!!!!!!!!
[2026-10-02 04:10:53]     | Dockerfile:5
[2026-10-02 04:10:53]     | --------------------
[2026-10-02 04:10:53]     |    3 |     # Python-Version und Paketversionen entsprechen der virtuellen Umgebung .venv
[2026-10-02 04:10:53]     |    4 |     # (siehe ergebnisse/umgebung.txt).
[2026-10-02 04:10:53]     |    5 | >>> FROM python:3.9.6-slim
[2026-10-02 04:10:53]     |    6 |     RUN pip install --no-cache-dir "psycopg[binary]==3.2.13" "pymongo==4.18.2"
[2026-10-02 04:10:53]     |    7 |     WORKDIR /projekt
[2026-10-02 04:10:53]     | --------------------
[2026-10-02 04:10:53]     | ERROR: failed to build: failed to solve: python:3.9.6-slim: failed to resolve source metadata for docker.io/library/python:3.9.6-slim: failed to do request: Head "https://registry-1.docker.io/v2/library/python/manifests/3.9.6-slim": dialing registry-1.docker.io:443 container via direct connection because Docker Desktop has no HTTPS proxy: connecting to registry-1.docker.io:443: dial tcp: lookup registry-1.docker.io: no such host
[2026-10-02 04:10:53] [104/150] SF1 L3 Arm C Fan-out 1000 Lauf 4 -- Restzeit ca. 2 h 23 min zzgl. Umladen auf SF2
[2026-10-02 04:10:58]   Arm C zurueckgesetzt (4.2 s).
[2026-10-02 04:10:58]   Container arm_mongodb neu gestartet (0.5 s).
[2026-10-02 04:11:28] !!!!!!!!!!!!!!!!!!!!!!!!!!!!!!!!!!!!!!!!!!!!!!!!!!!!!!!!!!!!!!!!!!!!!!!!
[2026-10-02 04:11:28] !!! FEHLER: SF1 L3 Arm C Fan-out 1000 Lauf 4: bench.py endete mit Code 1
[2026-10-02 04:11:28] !!!!!!!!!!!!!!!!!!!!!!!!!!!!!!!!!!!!!!!!!!!!!!!!!!!!!!!!!!!!!!!!!!!!!!!!
[2026-10-02 04:11:28]     | Dockerfile:5
[2026-10-02 04:11:28]     | --------------------
[2026-10-02 04:11:28]     |    3 |     # Python-Version und Paketversionen entsprechen der virtuellen Umgebung .venv
[2026-10-02 04:11:28]     |    4 |     # (siehe ergebnisse/umgebung.txt).
[2026-10-02 04:11:28]     |    5 | >>> FROM python:3.9.6-slim
[2026-10-02 04:11:28]     |    6 |     RUN pip install --no-cache-dir "psycopg[binary]==3.2.13" "pymongo==4.18.2"
[2026-10-02 04:11:28]     |    7 |     WORKDIR /projekt
[2026-10-02 04:11:28]     | --------------------
[2026-10-02 04:11:28]     | ERROR: failed to build: failed to solve: python:3.9.6-slim: failed to resolve source metadata for docker.io/library/python:3.9.6-slim: failed to do request: Head "https://registry-1.docker.io/v2/library/python/manifests/3.9.6-slim": dialing registry-1.docker.io:443 container via direct connection because Docker Desktop has no HTTPS proxy: connecting to registry-1.docker.io:443: dial tcp: lookup registry-1.docker.io: no such host
[2026-10-02 04:11:28] [105/150] SF1 L3 Arm C Fan-out 1000 Lauf 5 -- Restzeit ca. 2 h 19 min zzgl. Umladen auf SF2
[2026-10-02 04:11:32]   Arm C zurueckgesetzt (4.2 s).
[2026-10-02 04:11:33]   Container arm_mongodb neu gestartet (0.5 s).
[2026-10-02 04:14:37]   -> Durchsatz 322.9 Ops/s, Median 12.18 ms, p95 15.488 ms, Operationen 38747, Fehler 0 (0.00%), geschrieben je Op 999.9
[2026-10-02 04:14:37] Abschliessendes Zuruecksetzen von SF1 ...
[2026-10-02 04:14:41]   Arm A zurueckgesetzt (2.7 s).
[2026-10-02 04:14:57]   Arm B zurueckgesetzt (15.8 s).
[2026-10-02 04:15:01]   Arm C zurueckgesetzt (4.4 s).
[2026-10-02 04:15:03]   Arm A: sauber
[2026-10-02 04:15:03]   Arm B: sauber
[2026-10-02 04:15:03]   Arm C: sauber
[2026-10-02 04:15:03] ------------------------------------------------------------------------
[2026-10-02 04:15:03] Block SF2: 45 offene Laeufe
[2026-10-02 04:15:03] Pruefe, welche Datenmenge geladen ist ...
[2026-10-02 04:15:03]   geladen: SF1
[2026-10-02 04:15:03] Lade SF2 in alle drei Datenbanken (load_data.py --drop) ...
[2026-10-02 04:15:04]     | === Arm A: PostgreSQL ===
[2026-10-02 04:15:04]     |   Fuehre Schema (Tabellen) aus ...
[2026-10-02 04:15:04]     |   COPY kunde ...
[2026-10-02 04:15:05]     |   COPY produkt ...
[2026-10-02 04:15:05]     |   COPY auftrag ...
[2026-10-02 04:15:15]     |   COPY auftragsposition ...
[2026-10-02 04:18:11]     |   Fuehre Indizes aus ...
[2026-10-02 04:18:23]     |   ANALYZE ...
[2026-10-02 04:18:23]     |     ANALYZE fertig in 0.5 s.
[2026-10-02 04:18:24]     |   Arm A fertig in 199.2 s (davon ANALYZE: 0.5 s).
[2026-10-02 04:18:24]     | === Arm B: MongoDB, referenziert ===
[2026-10-02 04:18:24]     |   Lade kunden (arm_b) ...
[2026-10-02 04:18:24]     |        100,000 Dokumente ...
[2026-10-02 04:18:24]     |        200,000 Dokumente ...
[2026-10-02 04:18:25]     |        300,000 Dokumente ...
[2026-10-02 04:18:25]     |        328,325 Dokumente geladen.
[2026-10-02 04:18:25]     |   Lade produkte (arm_b) ...
[2026-10-02 04:18:25]     |          5,000 Dokumente geladen.
[2026-10-02 04:18:25]     |   Lade auftraege (arm_b) ...
[2026-10-02 04:18:25]     |        100,000 Dokumente ...
[2026-10-02 04:18:26]     |        200,000 Dokumente ...
[2026-10-02 04:18:26]     |        300,000 Dokumente ...
[2026-10-02 04:18:26]     |        400,000 Dokumente ...
[2026-10-02 04:18:27]     |        500,000 Dokumente ...
[2026-10-02 04:18:27]     |        600,000 Dokumente ...
[2026-10-02 04:18:27]     |        700,000 Dokumente ...
[2026-10-02 04:18:28]     |        800,000 Dokumente ...
[2026-10-02 04:18:28]     |        900,000 Dokumente ...
[2026-10-02 04:18:28]     |      1,000,000 Dokumente ...
[2026-10-02 04:18:28]     |      1,100,000 Dokumente ...
[2026-10-02 04:18:29]     |      1,200,000 Dokumente ...
[2026-10-02 04:18:29]     |      1,300,000 Dokumente ...
[2026-10-02 04:18:29]     |      1,400,000 Dokumente ...
[2026-10-02 04:18:30]     |      1,500,000 Dokumente ...
[2026-10-02 04:18:30]     |      1,600,000 Dokumente ...
[2026-10-02 04:18:30]     |      1,700,000 Dokumente ...
[2026-10-02 04:18:31]     |      1,800,000 Dokumente ...
[2026-10-02 04:18:31]     |      1,900,000 Dokumente ...
[2026-10-02 04:18:31]     |      2,000,000 Dokumente ...
[2026-10-02 04:18:32]     |      2,100,000 Dokumente ...
[2026-10-02 04:18:32]     |      2,200,000 Dokumente ...
[2026-10-02 04:18:32]     |      2,300,000 Dokumente ...
[2026-10-02 04:18:33]     |      2,400,000 Dokumente ...
[2026-10-02 04:18:33]     |      2,500,000 Dokumente ...
[2026-10-02 04:18:33]     |      2,600,000 Dokumente ...
[2026-10-02 04:18:33]     |      2,700,000 Dokumente ...
[2026-10-02 04:18:34]     |      2,800,000 Dokumente ...
[2026-10-02 04:18:34]     |      2,900,000 Dokumente ...
[2026-10-02 04:18:34]     |      3,000,000 Dokumente ...
[2026-10-02 04:18:35]     |      3,100,000 Dokumente ...
[2026-10-02 04:18:35]     |      3,200,000 Dokumente ...
[2026-10-02 04:18:35]     |      3,300,000 Dokumente ...
[2026-10-02 04:18:36]     |      3,400,000 Dokumente ...
[2026-10-02 04:18:36]     |      3,500,000 Dokumente ...
[2026-10-02 04:18:36]     |      3,500,000 Dokumente geladen.
[2026-10-02 04:18:36]     |   Lade positionen (arm_b) ...
[2026-10-02 04:18:36]     |        100,000 Dokumente ...
[2026-10-02 04:18:37]     |        200,000 Dokumente ...
[2026-10-02 04:18:37]     |        300,000 Dokumente ...
[2026-10-02 04:18:37]     |        400,000 Dokumente ...
[2026-10-02 04:18:38]     |        500,000 Dokumente ...
[2026-10-02 04:18:38]     |        600,000 Dokumente ...
[2026-10-02 04:18:39]     |        700,000 Dokumente ...
[2026-10-02 04:18:39]     |        800,000 Dokumente ...
[2026-10-02 04:18:39]     |        900,000 Dokumente ...
[2026-10-02 04:18:40]     |      1,000,000 Dokumente ...
[2026-10-02 04:18:40]     |      1,100,000 Dokumente ...
[2026-10-02 04:18:41]     |      1,200,000 Dokumente ...
[2026-10-02 04:18:41]     |      1,300,000 Dokumente ...
[2026-10-02 04:18:41]     |      1,400,000 Dokumente ...
[2026-10-02 04:18:42]     |      1,500,000 Dokumente ...
[2026-10-02 04:18:42]     |      1,600,000 Dokumente ...
[2026-10-02 04:18:42]     |      1,700,000 Dokumente ...
[2026-10-02 04:18:43]     |      1,800,000 Dokumente ...
[2026-10-02 04:18:43]     |      1,900,000 Dokumente ...
[2026-10-02 04:18:44]     |      2,000,000 Dokumente ...
[2026-10-02 04:18:44]     |      2,100,000 Dokumente ...
[2026-10-02 04:18:44]     |      2,200,000 Dokumente ...
[2026-10-02 04:18:45]     |      2,300,000 Dokumente ...
[2026-10-02 04:18:45]     |      2,400,000 Dokumente ...
[2026-10-02 04:18:45]     |      2,500,000 Dokumente ...
[2026-10-02 04:18:46]     |      2,600,000 Dokumente ...
[2026-10-02 04:18:46]     |      2,700,000 Dokumente ...
[2026-10-02 04:18:46]     |      2,800,000 Dokumente ...
[2026-10-02 04:18:47]     |      2,900,000 Dokumente ...
[2026-10-02 04:18:47]     |      3,000,000 Dokumente ...
[2026-10-02 04:18:48]     |      3,100,000 Dokumente ...
[2026-10-02 04:18:48]     |      3,200,000 Dokumente ...
[2026-10-02 04:18:48]     |      3,300,000 Dokumente ...
[2026-10-02 04:18:49]     |      3,400,000 Dokumente ...
[2026-10-02 04:18:49]     |      3,500,000 Dokumente ...
[2026-10-02 04:18:49]     |      3,600,000 Dokumente ...
[2026-10-02 04:18:50]     |      3,700,000 Dokumente ...
[2026-10-02 04:18:50]     |      3,800,000 Dokumente ...
[2026-10-02 04:18:51]     |      3,900,000 Dokumente ...
[2026-10-02 04:18:51]     |      4,000,000 Dokumente ...
[2026-10-02 04:18:51]     |      4,100,000 Dokumente ...
[2026-10-02 04:18:52]     |      4,200,000 Dokumente ...
[2026-10-02 04:18:52]     |      4,300,000 Dokumente ...
[2026-10-02 04:18:52]     |      4,400,000 Dokumente ...
[2026-10-02 04:18:53]     |      4,500,000 Dokumente ...
[2026-10-02 04:18:53]     |      4,600,000 Dokumente ...
[2026-10-02 04:18:54]     |      4,700,000 Dokumente ...
[2026-10-02 04:18:54]     |      4,800,000 Dokumente ...
[2026-10-02 04:18:54]     |      4,900,000 Dokumente ...
[2026-10-02 04:18:55]     |      5,000,000 Dokumente ...
[2026-10-02 04:18:55]     |      5,100,000 Dokumente ...
[2026-10-02 04:18:55]     |      5,200,000 Dokumente ...
[2026-10-02 04:18:56]     |      5,300,000 Dokumente ...
[2026-10-02 04:18:56]     |      5,400,000 Dokumente ...
[2026-10-02 04:18:57]     |      5,500,000 Dokumente ...
[2026-10-02 04:18:57]     |      5,600,000 Dokumente ...
[2026-10-02 04:18:57]     |      5,700,000 Dokumente ...
[2026-10-02 04:18:58]     |      5,800,000 Dokumente ...
[2026-10-02 04:18:58]     |      5,900,000 Dokumente ...
[2026-10-02 04:18:58]     |      6,000,000 Dokumente ...
[2026-10-02 04:18:59]     |      6,100,000 Dokumente ...
[2026-10-02 04:18:59]     |      6,200,000 Dokumente ...
[2026-10-02 04:19:00]     |      6,300,000 Dokumente ...
[2026-10-02 04:19:00]     |      6,400,000 Dokumente ...
[2026-10-02 04:19:00]     |      6,500,000 Dokumente ...
[2026-10-02 04:19:01]     |      6,600,000 Dokumente ...
[2026-10-02 04:19:01]     |      6,700,000 Dokumente ...
[2026-10-02 04:19:01]     |      6,800,000 Dokumente ...
[2026-10-02 04:19:02]     |      6,900,000 Dokumente ...
[2026-10-02 04:19:02]     |      7,000,000 Dokumente ...
[2026-10-02 04:19:03]     |      7,100,000 Dokumente ...
[2026-10-02 04:19:03]     |      7,200,000 Dokumente ...
[2026-10-02 04:19:03]     |      7,300,000 Dokumente ...
[2026-10-02 04:19:04]     |      7,400,000 Dokumente ...
[2026-10-02 04:19:04]     |      7,500,000 Dokumente ...
[2026-10-02 04:19:04]     |      7,600,000 Dokumente ...
[2026-10-02 04:19:05]     |      7,700,000 Dokumente ...
[2026-10-02 04:19:05]     |      7,800,000 Dokumente ...
[2026-10-02 04:19:05]     |      7,900,000 Dokumente ...
[2026-10-02 04:19:06]     |      8,000,000 Dokumente ...
[2026-10-02 04:19:06]     |      8,100,000 Dokumente ...
[2026-10-02 04:19:07]     |      8,200,000 Dokumente ...
[2026-10-02 04:19:07]     |      8,300,000 Dokumente ...
[2026-10-02 04:19:07]     |      8,400,000 Dokumente ...
[2026-10-02 04:19:08]     |      8,500,000 Dokumente ...
[2026-10-02 04:19:08]     |      8,600,000 Dokumente ...
[2026-10-02 04:19:08]     |      8,700,000 Dokumente ...
[2026-10-02 04:19:09]     |      8,800,000 Dokumente ...
[2026-10-02 04:19:09]     |      8,900,000 Dokumente ...
[2026-10-02 04:19:10]     |      9,000,000 Dokumente ...
[2026-10-02 04:19:10]     |      9,100,000 Dokumente ...
[2026-10-02 04:19:10]     |      9,200,000 Dokumente ...
[2026-10-02 04:19:11]     |      9,300,000 Dokumente ...
[2026-10-02 04:19:11]     |      9,400,000 Dokumente ...
[2026-10-02 04:19:11]     |      9,500,000 Dokumente ...
[2026-10-02 04:19:12]     |      9,600,000 Dokumente ...
[2026-10-02 04:19:12]     |      9,700,000 Dokumente ...
[2026-10-02 04:19:13]     |      9,800,000 Dokumente ...
[2026-10-02 04:19:13]     |      9,900,000 Dokumente ...
[2026-10-02 04:19:13]     |     10,000,000 Dokumente ...
[2026-10-02 04:19:14]     |     10,100,000 Dokumente ...
[2026-10-02 04:19:14]     |     10,200,000 Dokumente ...
[2026-10-02 04:19:15]     |     10,300,000 Dokumente ...
[2026-10-02 04:19:15]     |     10,400,000 Dokumente ...
[2026-10-02 04:19:15]     |     10,500,000 Dokumente ...
[2026-10-02 04:19:16]     |     10,600,000 Dokumente ...
[2026-10-02 04:19:16]     |     10,700,000 Dokumente ...
[2026-10-02 04:19:16]     |     10,800,000 Dokumente ...
[2026-10-02 04:19:17]     |     10,900,000 Dokumente ...
[2026-10-02 04:19:17]     |     11,000,000 Dokumente ...
[2026-10-02 04:19:18]     |     11,100,000 Dokumente ...
[2026-10-02 04:19:18]     |     11,200,000 Dokumente ...
[2026-10-02 04:19:18]     |     11,300,000 Dokumente ...
[2026-10-02 04:19:19]     |     11,400,000 Dokumente ...
[2026-10-02 04:19:19]     |     11,500,000 Dokumente ...
[2026-10-02 04:19:19]     |     11,600,000 Dokumente ...
[2026-10-02 04:19:20]     |     11,700,000 Dokumente ...
[2026-10-02 04:19:20]     |     11,800,000 Dokumente ...
[2026-10-02 04:19:21]     |     11,900,000 Dokumente ...
[2026-10-02 04:19:21]     |     12,000,000 Dokumente ...
[2026-10-02 04:19:21]     |     12,100,000 Dokumente ...
[2026-10-02 04:19:22]     |     12,200,000 Dokumente ...
[2026-10-02 04:19:22]     |     12,300,000 Dokumente ...
[2026-10-02 04:19:22]     |     12,400,000 Dokumente ...
[2026-10-02 04:19:23]     |     12,500,000 Dokumente ...
[2026-10-02 04:19:23]     |     12,600,000 Dokumente ...
[2026-10-02 04:19:24]     |     12,700,000 Dokumente ...
[2026-10-02 04:19:24]     |     12,800,000 Dokumente ...
[2026-10-02 04:19:24]     |     12,900,000 Dokumente ...
[2026-10-02 04:19:25]     |     13,000,000 Dokumente ...
[2026-10-02 04:19:25]     |     13,100,000 Dokumente ...
[2026-10-02 04:19:26]     |     13,200,000 Dokumente ...
[2026-10-02 04:19:26]     |     13,300,000 Dokumente ...
[2026-10-02 04:19:26]     |     13,400,000 Dokumente ...
[2026-10-02 04:19:27]     |     13,500,000 Dokumente ...
[2026-10-02 04:19:27]     |     13,600,000 Dokumente ...
[2026-10-02 04:19:27]     |     13,700,000 Dokumente ...
[2026-10-02 04:19:28]     |     13,800,000 Dokumente ...
[2026-10-02 04:19:28]     |     13,900,000 Dokumente ...
[2026-10-02 04:19:29]     |     14,000,000 Dokumente ...
[2026-10-02 04:19:29]     |     14,100,000 Dokumente ...
[2026-10-02 04:19:29]     |     14,200,000 Dokumente ...
[2026-10-02 04:19:30]     |     14,300,000 Dokumente ...
[2026-10-02 04:19:30]     |     14,400,000 Dokumente ...
[2026-10-02 04:19:31]     |     14,500,000 Dokumente ...
[2026-10-02 04:19:31]     |     14,600,000 Dokumente ...
[2026-10-02 04:19:31]     |     14,700,000 Dokumente ...
[2026-10-02 04:19:32]     |     14,800,000 Dokumente ...
[2026-10-02 04:19:32]     |     14,900,000 Dokumente ...
[2026-10-02 04:19:32]     |     15,000,000 Dokumente ...
[2026-10-02 04:19:33]     |     15,100,000 Dokumente ...
[2026-10-02 04:19:33]     |     15,200,000 Dokumente ...
[2026-10-02 04:19:34]     |     15,300,000 Dokumente ...
[2026-10-02 04:19:34]     |     15,400,000 Dokumente ...
[2026-10-02 04:19:34]     |     15,500,000 Dokumente ...
[2026-10-02 04:19:35]     |     15,600,000 Dokumente ...
[2026-10-02 04:19:35]     |     15,700,000 Dokumente ...
[2026-10-02 04:19:36]     |     15,800,000 Dokumente ...
[2026-10-02 04:19:36]     |     15,900,000 Dokumente ...
[2026-10-02 04:19:36]     |     16,000,000 Dokumente ...
[2026-10-02 04:19:37]     |     16,100,000 Dokumente ...
[2026-10-02 04:19:37]     |     16,200,000 Dokumente ...
[2026-10-02 04:19:38]     |     16,300,000 Dokumente ...
[2026-10-02 04:19:38]     |     16,400,000 Dokumente ...
[2026-10-02 04:19:38]     |     16,500,000 Dokumente ...
[2026-10-02 04:19:39]     |     16,600,000 Dokumente ...
[2026-10-02 04:19:39]     |     16,700,000 Dokumente ...
[2026-10-02 04:19:39]     |     16,800,000 Dokumente ...
[2026-10-02 04:19:40]     |     16,900,000 Dokumente ...
[2026-10-02 04:19:40]     |     17,000,000 Dokumente ...
[2026-10-02 04:19:41]     |     17,100,000 Dokumente ...
[2026-10-02 04:19:41]     |     17,200,000 Dokumente ...
[2026-10-02 04:19:41]     |     17,300,000 Dokumente ...
[2026-10-02 04:19:42]     |     17,400,000 Dokumente ...
[2026-10-02 04:19:42]     |     17,500,000 Dokumente ...
[2026-10-02 04:19:43]     |     17,600,000 Dokumente ...
[2026-10-02 04:19:43]     |     17,700,000 Dokumente ...
[2026-10-02 04:19:43]     |     17,800,000 Dokumente ...
[2026-10-02 04:19:44]     |     17,900,000 Dokumente ...
[2026-10-02 04:19:44]     |     18,000,000 Dokumente ...
[2026-10-02 04:19:44]     |     18,100,000 Dokumente ...
[2026-10-02 04:19:45]     |     18,200,000 Dokumente ...
[2026-10-02 04:19:45]     |     18,300,000 Dokumente ...
[2026-10-02 04:19:46]     |     18,400,000 Dokumente ...
[2026-10-02 04:19:46]     |     18,500,000 Dokumente ...
[2026-10-02 04:19:46]     |     18,600,000 Dokumente ...
[2026-10-02 04:19:47]     |     18,700,000 Dokumente ...
[2026-10-02 04:19:47]     |     18,800,000 Dokumente ...
[2026-10-02 04:19:48]     |     18,900,000 Dokumente ...
[2026-10-02 04:19:48]     |     19,000,000 Dokumente ...
[2026-10-02 04:19:48]     |     19,100,000 Dokumente ...
[2026-10-02 04:19:49]     |     19,200,000 Dokumente ...
[2026-10-02 04:19:49]     |     19,300,000 Dokumente ...
[2026-10-02 04:19:50]     |     19,400,000 Dokumente ...
[2026-10-02 04:19:50]     |     19,500,000 Dokumente ...
[2026-10-02 04:19:50]     |     19,600,000 Dokumente ...
[2026-10-02 04:19:51]     |     19,700,000 Dokumente ...
[2026-10-02 04:19:51]     |     19,800,000 Dokumente ...
[2026-10-02 04:19:51]     |     19,900,000 Dokumente ...
[2026-10-02 04:19:52]     |     20,000,000 Dokumente ...
[2026-10-02 04:19:52]     |     20,100,000 Dokumente ...
[2026-10-02 04:19:53]     |     20,200,000 Dokumente ...
[2026-10-02 04:19:53]     |     20,300,000 Dokumente ...
[2026-10-02 04:19:53]     |     20,400,000 Dokumente ...
[2026-10-02 04:19:54]     |     20,500,000 Dokumente ...
[2026-10-02 04:19:54]     |     20,600,000 Dokumente ...
[2026-10-02 04:19:54]     |     20,700,000 Dokumente ...
[2026-10-02 04:19:55]     |     20,800,000 Dokumente ...
[2026-10-02 04:19:55]     |     20,900,000 Dokumente ...
[2026-10-02 04:19:56]     |     21,000,000 Dokumente ...
[2026-10-02 04:19:56]     |     21,100,000 Dokumente ...
[2026-10-02 04:19:56]     |     21,200,000 Dokumente ...
[2026-10-02 04:19:57]     |     21,300,000 Dokumente ...
[2026-10-02 04:19:57]     |     21,400,000 Dokumente ...
[2026-10-02 04:19:57]     |     21,500,000 Dokumente ...
[2026-10-02 04:19:58]     |     21,600,000 Dokumente ...
[2026-10-02 04:19:58]     |     21,700,000 Dokumente ...
[2026-10-02 04:19:59]     |     21,800,000 Dokumente ...
[2026-10-02 04:19:59]     |     21,900,000 Dokumente ...
[2026-10-02 04:19:59]     |     22,000,000 Dokumente ...
[2026-10-02 04:20:00]     |     22,100,000 Dokumente ...
[2026-10-02 04:20:00]     |     22,200,000 Dokumente ...
[2026-10-02 04:20:01]     |     22,300,000 Dokumente ...
[2026-10-02 04:20:01]     |     22,400,000 Dokumente ...
[2026-10-02 04:20:01]     |     22,500,000 Dokumente ...
[2026-10-02 04:20:02]     |     22,600,000 Dokumente ...
[2026-10-02 04:20:02]     |     22,700,000 Dokumente ...
[2026-10-02 04:20:02]     |     22,800,000 Dokumente ...
[2026-10-02 04:20:03]     |     22,900,000 Dokumente ...
[2026-10-02 04:20:03]     |     23,000,000 Dokumente ...
[2026-10-02 04:20:04]     |     23,100,000 Dokumente ...
[2026-10-02 04:20:04]     |     23,200,000 Dokumente ...
[2026-10-02 04:20:04]     |     23,300,000 Dokumente ...
[2026-10-02 04:20:05]     |     23,400,000 Dokumente ...
[2026-10-02 04:20:05]     |     23,500,000 Dokumente ...
[2026-10-02 04:20:06]     |     23,600,000 Dokumente ...
[2026-10-02 04:20:06]     |     23,700,000 Dokumente ...
[2026-10-02 04:20:06]     |     23,800,000 Dokumente ...
[2026-10-02 04:20:07]     |     23,900,000 Dokumente ...
[2026-10-02 04:20:07]     |     24,000,000 Dokumente ...
[2026-10-02 04:20:07]     |     24,100,000 Dokumente ...
[2026-10-02 04:20:08]     |     24,200,000 Dokumente ...
[2026-10-02 04:20:08]     |     24,300,000 Dokumente ...
[2026-10-02 04:20:09]     |     24,400,000 Dokumente ...
[2026-10-02 04:20:09]     |     24,500,000 Dokumente ...
[2026-10-02 04:20:09]     |     24,600,000 Dokumente ...
[2026-10-02 04:20:10]     |     24,700,000 Dokumente ...
[2026-10-02 04:20:10]     |     24,800,000 Dokumente ...
[2026-10-02 04:20:11]     |     24,900,000 Dokumente ...
[2026-10-02 04:20:11]     |     25,000,000 Dokumente ...
[2026-10-02 04:20:11]     |     25,100,000 Dokumente ...
[2026-10-02 04:20:12]     |     25,200,000 Dokumente ...
[2026-10-02 04:20:12]     |     25,300,000 Dokumente ...
[2026-10-02 04:20:12]     |     25,400,000 Dokumente ...
[2026-10-02 04:20:13]     |     25,500,000 Dokumente ...
[2026-10-02 04:20:13]     |     25,600,000 Dokumente ...
[2026-10-02 04:20:14]     |     25,700,000 Dokumente ...
[2026-10-02 04:20:14]     |     25,800,000 Dokumente ...
[2026-10-02 04:20:14]     |     25,900,000 Dokumente ...
[2026-10-02 04:20:15]     |     26,000,000 Dokumente ...
[2026-10-02 04:20:15]     |     26,100,000 Dokumente ...
[2026-10-02 04:20:15]     |     26,200,000 Dokumente ...
[2026-10-02 04:20:16]     |     26,300,000 Dokumente ...
[2026-10-02 04:20:16]     |     26,400,000 Dokumente ...
[2026-10-02 04:20:17]     |     26,500,000 Dokumente ...
[2026-10-02 04:20:17]     |     26,600,000 Dokumente ...
[2026-10-02 04:20:17]     |     26,700,000 Dokumente ...
[2026-10-02 04:20:18]     |     26,800,000 Dokumente ...
[2026-10-02 04:20:18]     |     26,900,000 Dokumente ...
[2026-10-02 04:20:19]     |     27,000,000 Dokumente ...
[2026-10-02 04:20:19]     |     27,100,000 Dokumente ...
[2026-10-02 04:20:19]     |     27,200,000 Dokumente ...
[2026-10-02 04:20:20]     |     27,300,000 Dokumente ...
[2026-10-02 04:20:20]     |     27,400,000 Dokumente ...
[2026-10-02 04:20:20]     |     27,500,000 Dokumente ...
[2026-10-02 04:20:21]     |     27,600,000 Dokumente ...
[2026-10-02 04:20:21]     |     27,700,000 Dokumente ...
[2026-10-02 04:20:22]     |     27,800,000 Dokumente ...
[2026-10-02 04:20:22]     |     27,900,000 Dokumente ...
[2026-10-02 04:20:22]     |     28,000,000 Dokumente ...
[2026-10-02 04:20:23]     |     28,100,000 Dokumente ...
[2026-10-02 04:20:23]     |     28,200,000 Dokumente ...
[2026-10-02 04:20:24]     |     28,300,000 Dokumente ...
[2026-10-02 04:20:24]     |     28,400,000 Dokumente ...
[2026-10-02 04:20:24]     |     28,500,000 Dokumente ...
[2026-10-02 04:20:25]     |     28,600,000 Dokumente ...
[2026-10-02 04:20:25]     |     28,700,000 Dokumente ...
[2026-10-02 04:20:25]     |     28,800,000 Dokumente ...
[2026-10-02 04:20:26]     |     28,900,000 Dokumente ...
[2026-10-02 04:20:26]     |     29,000,000 Dokumente ...
[2026-10-02 04:20:27]     |     29,100,000 Dokumente ...
[2026-10-02 04:20:27]     |     29,200,000 Dokumente ...
[2026-10-02 04:20:27]     |     29,300,000 Dokumente ...
[2026-10-02 04:20:28]     |     29,400,000 Dokumente ...
[2026-10-02 04:20:28]     |     29,500,000 Dokumente ...
[2026-10-02 04:20:28]     |     29,600,000 Dokumente ...
[2026-10-02 04:20:29]     |     29,700,000 Dokumente ...
[2026-10-02 04:20:29]     |     29,800,000 Dokumente ...
[2026-10-02 04:20:30]     |     29,900,000 Dokumente ...
[2026-10-02 04:20:30]     |     30,000,000 Dokumente ...
[2026-10-02 04:20:30]     |     30,100,000 Dokumente ...
[2026-10-02 04:20:31]     |     30,200,000 Dokumente ...
[2026-10-02 04:20:31]     |     30,300,000 Dokumente ...
[2026-10-02 04:20:32]     |     30,400,000 Dokumente ...
[2026-10-02 04:20:32]     |     30,500,000 Dokumente ...
[2026-10-02 04:20:32]     |     30,600,000 Dokumente ...
[2026-10-02 04:20:33]     |     30,700,000 Dokumente ...
[2026-10-02 04:20:33]     |     30,800,000 Dokumente ...
[2026-10-02 04:20:33]     |     30,900,000 Dokumente ...
[2026-10-02 04:20:34]     |     31,000,000 Dokumente ...
[2026-10-02 04:20:34]     |     31,100,000 Dokumente ...
[2026-10-02 04:20:35]     |     31,200,000 Dokumente ...
[2026-10-02 04:20:35]     |     31,300,000 Dokumente ...
[2026-10-02 04:20:35]     |     31,400,000 Dokumente ...
[2026-10-02 04:20:36]     |     31,500,000 Dokumente ...
[2026-10-02 04:20:36]     |     31,600,000 Dokumente ...
[2026-10-02 04:20:36]     |     31,700,000 Dokumente ...
[2026-10-02 04:20:37]     |     31,800,000 Dokumente ...
[2026-10-02 04:20:37]     |     31,900,000 Dokumente ...
[2026-10-02 04:20:38]     |     32,000,000 Dokumente ...
[2026-10-02 04:20:38]     |     32,100,000 Dokumente ...
[2026-10-02 04:20:38]     |     32,200,000 Dokumente ...
[2026-10-02 04:20:39]     |     32,300,000 Dokumente ...
[2026-10-02 04:20:39]     |     32,400,000 Dokumente ...
[2026-10-02 04:20:40]     |     32,500,000 Dokumente ...
[2026-10-02 04:20:40]     |     32,600,000 Dokumente ...
[2026-10-02 04:20:40]     |     32,700,000 Dokumente ...
[2026-10-02 04:20:41]     |     32,800,000 Dokumente ...
[2026-10-02 04:20:41]     |     32,900,000 Dokumente ...
[2026-10-02 04:20:41]     |     33,000,000 Dokumente ...
[2026-10-02 04:20:42]     |     33,100,000 Dokumente ...
[2026-10-02 04:20:42]     |     33,200,000 Dokumente ...
[2026-10-02 04:20:43]     |     33,300,000 Dokumente ...
[2026-10-02 04:20:43]     |     33,400,000 Dokumente ...
[2026-10-02 04:20:43]     |     33,500,000 Dokumente ...
[2026-10-02 04:20:44]     |     33,600,000 Dokumente ...
[2026-10-02 04:20:44]     |     33,700,000 Dokumente ...
[2026-10-02 04:20:44]     |     33,800,000 Dokumente ...
[2026-10-02 04:20:45]     |     33,900,000 Dokumente ...
[2026-10-02 04:20:45]     |     33,932,255 Dokumente geladen.
[2026-10-02 04:20:45]     |   Arm B fertig in 141.3 s.
[2026-10-02 04:20:45]     | === Arm C: MongoDB, eingebettet ===
[2026-10-02 04:20:45]     |   Lade kunden (arm_c) ...
[2026-10-02 04:20:45]     |        100,000 Dokumente ...
[2026-10-02 04:20:46]     |        200,000 Dokumente ...
[2026-10-02 04:20:46]     |        300,000 Dokumente ...
[2026-10-02 04:20:46]     |        328,325 Dokumente geladen.
[2026-10-02 04:20:46]     |   Lade produkte (arm_c) ...
[2026-10-02 04:20:46]     |          5,000 Dokumente geladen.
[2026-10-02 04:20:46]     |   Lade auftraege (arm_c) ...
[2026-10-02 04:20:48]     |        100,000 Dokumente ...
[2026-10-02 04:20:50]     |        200,000 Dokumente ...
[2026-10-02 04:20:52]     |        300,000 Dokumente ...
[2026-10-02 04:20:54]     |        400,000 Dokumente ...
[2026-10-02 04:20:56]     |        500,000 Dokumente ...
[2026-10-02 04:20:58]     |        600,000 Dokumente ...
[2026-10-02 04:21:00]     |        700,000 Dokumente ...
[2026-10-02 04:21:02]     |        800,000 Dokumente ...
[2026-10-02 04:21:04]     |        900,000 Dokumente ...
[2026-10-02 04:21:05]     |      1,000,000 Dokumente ...
[2026-10-02 04:21:07]     |      1,100,000 Dokumente ...
[2026-10-02 04:21:09]     |      1,200,000 Dokumente ...
[2026-10-02 04:21:11]     |      1,300,000 Dokumente ...
[2026-10-02 04:21:13]     |      1,400,000 Dokumente ...
[2026-10-02 04:21:15]     |      1,500,000 Dokumente ...
[2026-10-02 04:21:17]     |      1,600,000 Dokumente ...
[2026-10-02 04:21:19]     |      1,700,000 Dokumente ...
[2026-10-02 04:21:21]     |      1,800,000 Dokumente ...
[2026-10-02 04:21:22]     |      1,900,000 Dokumente ...
[2026-10-02 04:21:24]     |      2,000,000 Dokumente ...
[2026-10-02 04:21:26]     |      2,100,000 Dokumente ...
[2026-10-02 04:21:28]     |      2,200,000 Dokumente ...
[2026-10-02 04:21:30]     |      2,300,000 Dokumente ...
[2026-10-02 04:21:32]     |      2,400,000 Dokumente ...
[2026-10-02 04:21:34]     |      2,500,000 Dokumente ...
[2026-10-02 04:21:36]     |      2,600,000 Dokumente ...
[2026-10-02 04:21:38]     |      2,700,000 Dokumente ...
[2026-10-02 04:21:40]     |      2,800,000 Dokumente ...
[2026-10-02 04:21:42]     |      2,900,000 Dokumente ...
[2026-10-02 04:21:44]     |      3,000,000 Dokumente ...
[2026-10-02 04:21:45]     |      3,100,000 Dokumente ...
[2026-10-02 04:21:47]     |      3,200,000 Dokumente ...
[2026-10-02 04:21:49]     |      3,300,000 Dokumente ...
[2026-10-02 04:21:51]     |      3,400,000 Dokumente ...
[2026-10-02 04:21:53]     |      3,500,000 Dokumente ...
[2026-10-02 04:21:53]     |      3,500,000 Dokumente geladen.
[2026-10-02 04:21:59]     |   Arm C fertig in 74.1 s.
[2026-10-02 04:21:59]     | === Ladezeiten ===
[2026-10-02 04:21:59]     |   Arm A: 199.2 s
[2026-10-02 04:21:59]     |   Arm B: 141.3 s
[2026-10-02 04:21:59]     |   Arm C: 74.1 s
[2026-10-02 04:21:59]     | === Pruefung ===
[2026-10-02 04:21:59]     | Entitaet                 Soll           Arm A           Arm B           Arm C
[2026-10-02 04:21:59]     | ------------------------------------------------------------------------------
[2026-10-02 04:21:59]     | Kunden                328,325         328,325             328,325             328,325
[2026-10-02 04:21:59]     | Produkte                5,000           5,000               5,000               5,000
[2026-10-02 04:21:59]     | Auftraege           3,500,000       3,500,000           3,500,000           3,500,000
[2026-10-02 04:21:59]     | Positionen         33,932,255      33,932,255          33,932,255          33,932,255
[2026-10-02 04:21:59]     | Alle Anzahlen stimmen ueberein.
[2026-10-02 04:21:59]     | Hinweis: Indizes fuer MongoDB jetzt anlegen:
[2026-10-02 04:21:59]     |   python skripte/mongo_setup.py
[2026-10-02 04:23:43]     | === Arm B (arm_b) ===
[2026-10-02 04:23:43]     |   arm_b.auftraege:
[2026-10-02 04:23:43]     |     _id_: {'_id': 1}
[2026-10-02 04:23:43]     |     idx_auftraege_kunde_id: {'kunde_id': 1}
[2026-10-02 04:23:43]     |     idx_auftraege_bestelldatum: {'bestelldatum': 1}
[2026-10-02 04:23:43]     |   arm_b.positionen:
[2026-10-02 04:23:43]     |     _id_: {'_id': 1}
[2026-10-02 04:23:43]     |     idx_positionen_auftrag_id: {'auftrag_id': 1}
[2026-10-02 04:23:43]     |     idx_positionen_produkt_id: {'produkt_id': 1}
[2026-10-02 04:23:43]     |   arm_b.kunden:
[2026-10-02 04:23:43]     |     _id_: {'_id': 1}
[2026-10-02 04:23:43]     |   arm_b.produkte:
[2026-10-02 04:23:43]     |     _id_: {'_id': 1}
[2026-10-02 04:23:43]     | === Arm C (arm_c) ===
[2026-10-02 04:23:43]     |   arm_c.auftraege:
[2026-10-02 04:23:43]     |     _id_: {'_id': 1}
[2026-10-02 04:23:43]     |     idx_auftraege_kunde_kunde_id: {'kunde.kunde_id': 1}
[2026-10-02 04:23:43]     |     idx_auftraege_bestelldatum: {'bestelldatum': 1}
[2026-10-02 04:23:43]     |     idx_auftraege_positionen_produkt_id: {'positionen.produkt_id': 1}
[2026-10-02 04:23:43]     |   arm_c.kunden:
[2026-10-02 04:23:43]     |     _id_: {'_id': 1}
[2026-10-02 04:23:43]     |   arm_c.produkte:
[2026-10-02 04:23:43]     |     _id_: {'_id': 1}
[2026-10-02 04:23:45]   SF2 geladen in 0 h 09 min.
[2026-10-02 04:23:45] [106/150] SF2 L1 Arm A Lauf 1 -- Restzeit ca. 2 h 16 min
[2026-10-02 04:23:47]   Container arm_postgres neu gestartet (1.8 s).
[2026-10-02 04:26:49]   -> Durchsatz 7198.7 Ops/s, Median 0.552 ms, p95 0.603 ms, Operationen 863842, Fehler 0 (0.00%)
[2026-10-02 04:26:49] [107/150] SF2 L1 Arm A Lauf 2 -- Restzeit ca. 2 h 13 min
[2026-10-02 04:29:50]   -> Durchsatz 7209.4 Ops/s, Median 0.551 ms, p95 0.602 ms, Operationen 865135, Fehler 0 (0.00%)
[2026-10-02 04:29:50] [108/150] SF2 L1 Arm A Lauf 3 -- Restzeit ca. 2 h 10 min
[2026-10-02 04:32:51]   -> Durchsatz 7198.6 Ops/s, Median 0.552 ms, p95 0.603 ms, Operationen 863831, Fehler 0 (0.00%)
[2026-10-02 04:32:51] [109/150] SF2 L1 Arm A Lauf 4 -- Restzeit ca. 2 h 07 min
[2026-10-02 04:35:54]   -> Durchsatz 7207.8 Ops/s, Median 0.551 ms, p95 0.602 ms, Operationen 864942, Fehler 0 (0.00%)
[2026-10-02 04:35:54] [110/150] SF2 L1 Arm A Lauf 5 -- Restzeit ca. 2 h 04 min
[2026-10-02 04:38:56]   -> Durchsatz 7196.7 Ops/s, Median 0.552 ms, p95 0.603 ms, Operationen 863618, Fehler 0 (0.00%)
[2026-10-02 04:38:56] [111/150] SF2 L1 Arm B Lauf 1 -- Restzeit ca. 2 h 01 min
[2026-10-02 04:38:56]   Container arm_mongodb neu gestartet (0.7 s).
[2026-10-02 04:41:58]   -> Durchsatz 3820.2 Ops/s, Median 1.017 ms, p95 1.372 ms, Operationen 458430, Fehler 0 (0.00%)
[2026-10-02 04:41:58] [112/150] SF2 L1 Arm B Lauf 2 -- Restzeit ca. 1 h 58 min
[2026-10-02 04:44:59]   -> Durchsatz 3762.4 Ops/s, Median 1.034 ms, p95 1.394 ms, Operationen 451488, Fehler 0 (0.00%)
[2026-10-02 04:44:59] [113/150] SF2 L1 Arm B Lauf 3 -- Restzeit ca. 1 h 55 min
[2026-10-02 04:48:02]   -> Durchsatz 3721.1 Ops/s, Median 1.047 ms, p95 1.406 ms, Operationen 446538, Fehler 0 (0.00%)
[2026-10-02 04:48:02] [114/150] SF2 L1 Arm B Lauf 4 -- Restzeit ca. 1 h 52 min
[2026-10-02 04:51:04]     | Fehler: AutoReconnect: mongodb:27017: connection closed (configured timeouts: connectTimeoutMS: 20000.0ms)
[2026-10-02 04:51:04]     | Fehler: AutoReconnect: mongodb:27017: connection closed (configured timeouts: connectTimeoutMS: 20000.0ms)
[2026-10-02 04:51:04]     | Fehler: AutoReconnect: mongodb:27017: [Errno 104] Connection reset by peer (configured timeouts: connectTimeoutMS: 20000.0ms)
[2026-10-02 04:51:04]     | Fehler: AutoReconnect: mongodb:27017: connection closed (configured timeouts: connectTimeoutMS: 20000.0ms)
[2026-10-02 04:51:04]   -> Durchsatz 1829.1 Ops/s, Median 1.05 ms, p95 1.422 ms, Operationen 221246, Fehler 8 (0.00%)
[2026-10-02 04:51:04] [115/150] SF2 L1 Arm B Lauf 5 -- Restzeit ca. 1 h 49 min
[2026-10-02 04:54:08]     | Fehler: ServerSelectionTimeoutError: mongodb:27017: [Errno -2] Name or service not known (configured timeouts: socketTimeoutMS: 20000.0ms, connectTimeoutMS: 20000.0ms), Timeout: 30s, Topology Description: <TopologyDescription id: 6abf1c1b31e7d68c6ef52dc3, topology_type: Unknown, servers: [<ServerDescription ('mongodb', 27017) server_type: Unknown, rtt: None, error=AutoReconnect('mongodb:27017: [Errno -2] Name or service not known (configured timeouts: socketTimeoutMS: 20000.0ms, connectTimeoutMS: 20000.0ms)')>]>
[2026-10-02 04:54:08]     | Fehler: ServerSelectionTimeoutError: mongodb:27017: [Errno -2] Name or service not known (configured timeouts: socketTimeoutMS: 20000.0ms, connectTimeoutMS: 20000.0ms), Timeout: 30s, Topology Description: <TopologyDescription id: 6abf1c1bd27510d4caab7abf, topology_type: Unknown, servers: [<ServerDescription ('mongodb', 27017) server_type: Unknown, rtt: None, error=AutoReconnect('mongodb:27017: [Errno -2] Name or service not known (configured timeouts: socketTimeoutMS: 20000.0ms, connectTimeoutMS: 20000.0ms)')>]>
[2026-10-02 04:54:08]     | Fehler: ServerSelectionTimeoutError: mongodb:27017: [Errno -2] Name or service not known (configured timeouts: socketTimeoutMS: 20000.0ms, connectTimeoutMS: 20000.0ms), Timeout: 30s, Topology Description: <TopologyDescription id: 6abf1c1b240a5ebad81963c7, topology_type: Unknown, servers: [<ServerDescription ('mongodb', 27017) server_type: Unknown, rtt: None, error=AutoReconnect('mongodb:27017: [Errno -2] Name or service not known (configured timeouts: socketTimeoutMS: 20000.0ms, connectTimeoutMS: 20000.0ms)')>]>
[2026-10-02 04:54:08]     | Fehler: ServerSelectionTimeoutError: mongodb:27017: [Errno -2] Name or service not known (configured timeouts: socketTimeoutMS: 20000.0ms, connectTimeoutMS: 20000.0ms), Timeout: 30s, Topology Description: <TopologyDescription id: 6abf1c1b890d55ce35d3f640, topology_type: Unknown, servers: [<ServerDescription ('mongodb', 27017) server_type: Unknown, rtt: None, error=AutoReconnect('mongodb:27017: [Errno -2] Name or service not known (configured timeouts: socketTimeoutMS: 20000.0ms, connectTimeoutMS: 20000.0ms)')>]>
[2026-10-02 04:54:08]     | Fehler: ServerSelectionTimeoutError: mongodb:27017: [Errno -2] Name or service not known (configured timeouts: socketTimeoutMS: 20000.0ms, connectTimeoutMS: 20000.0ms), Timeout: 30s, Topology Description: <TopologyDescription id: 6abf1c1b240a5ebad81963c7, topology_type: Unknown, servers: [<ServerDescription ('mongodb', 27017) server_type: Unknown, rtt: None, error=AutoReconnect('mongodb:27017: [Errno -2] Name or service not known (configured timeouts: socketTimeoutMS: 20000.0ms, connectTimeoutMS: 20000.0ms)')>]>
[2026-10-02 04:54:08]     | Fehler: ServerSelectionTimeoutError: mongodb:27017: [Errno -2] Name or service not known (configured timeouts: socketTimeoutMS: 20000.0ms, connectTimeoutMS: 20000.0ms), Timeout: 30s, Topology Description: <TopologyDescription id: 6abf1c1bd27510d4caab7abf, topology_type: Unknown, servers: [<ServerDescription ('mongodb', 27017) server_type: Unknown, rtt: None, error=AutoReconnect('mongodb:27017: [Errno -2] Name or service not known (configured timeouts: socketTimeoutMS: 20000.0ms, connectTimeoutMS: 20000.0ms)')>]>
[2026-10-02 04:54:08]     | Fehler: ServerSelectionTimeoutError: mongodb:27017: [Errno -2] Name or service not known (configured timeouts: socketTimeoutMS: 20000.0ms, connectTimeoutMS: 20000.0ms), Timeout: 30s, Topology Description: <TopologyDescription id: 6abf1c1b31e7d68c6ef52dc3, topology_type: Unknown, servers: [<ServerDescription ('mongodb', 27017) server_type: Unknown, rtt: None, error=AutoReconnect('mongodb:27017: [Errno -2] Name or service not known (configured timeouts: socketTimeoutMS: 20000.0ms, connectTimeoutMS: 20000.0ms)')>]>
[2026-10-02 04:54:08]     | Fehler: ServerSelectionTimeoutError: mongodb:27017: [Errno -2] Name or service not known (configured timeouts: socketTimeoutMS: 20000.0ms, connectTimeoutMS: 20000.0ms), Timeout: 30s, Topology Description: <TopologyDescription id: 6abf1c1b890d55ce35d3f640, topology_type: Unknown, servers: [<ServerDescription ('mongodb', 27017) server_type: Unknown, rtt: None, error=AutoReconnect('mongodb:27017: [Errno -2] Name or service not known (configured timeouts: socketTimeoutMS: 20000.0ms, connectTimeoutMS: 20000.0ms)')>]>
[2026-10-02 04:54:08]   -> Durchsatz 0.0 Ops/s, Median 0 ms, p95 0.0 ms, Operationen 0, Fehler 16 (100.00%)
[2026-10-02 04:54:08]   Mehr als 1 % Fehler: SF2 L1 Arm B Lauf 5 wird einmal wiederholt (beide Zeilen bleiben in messungen.csv).
[2026-10-02 04:57:11]     | Fehler: ServerSelectionTimeoutError: mongodb:27017: [Errno -2] Name or service not known (configured timeouts: socketTimeoutMS: 20000.0ms, connectTimeoutMS: 20000.0ms), Timeout: 30s, Topology Description: <TopologyDescription id: 6abf1cd1a0aa77bae334f635, topology_type: Unknown, servers: [<ServerDescription ('mongodb', 27017) server_type: Unknown, rtt: None, error=AutoReconnect('mongodb:27017: [Errno -2] Name or service not known (configured timeouts: socketTimeoutMS: 20000.0ms, connectTimeoutMS: 20000.0ms)')>]>
[2026-10-02 04:57:11]     | Fehler: ServerSelectionTimeoutError: mongodb:27017: [Errno -2] Name or service not known (configured timeouts: socketTimeoutMS: 20000.0ms, connectTimeoutMS: 20000.0ms), Timeout: 30s, Topology Description: <TopologyDescription id: 6abf1cd1d63142c0564da898, topology_type: Unknown, servers: [<ServerDescription ('mongodb', 27017) server_type: Unknown, rtt: None, error=AutoReconnect('mongodb:27017: [Errno -2] Name or service not known (configured timeouts: socketTimeoutMS: 20000.0ms, connectTimeoutMS: 20000.0ms)')>]>
[2026-10-02 04:57:11]     | Fehler: ServerSelectionTimeoutError: mongodb:27017: [Errno -2] Name or service not known (configured timeouts: socketTimeoutMS: 20000.0ms, connectTimeoutMS: 20000.0ms), Timeout: 30s, Topology Description: <TopologyDescription id: 6abf1cd143a258b667e9efd7, topology_type: Unknown, servers: [<ServerDescription ('mongodb', 27017) server_type: Unknown, rtt: None, error=AutoReconnect('mongodb:27017: [Errno -2] Name or service not known (configured timeouts: socketTimeoutMS: 20000.0ms, connectTimeoutMS: 20000.0ms)')>]>
[2026-10-02 04:57:11]     | Fehler: ServerSelectionTimeoutError: mongodb:27017: [Errno -2] Name or service not known (configured timeouts: socketTimeoutMS: 20000.0ms, connectTimeoutMS: 20000.0ms), Timeout: 30s, Topology Description: <TopologyDescription id: 6abf1cd1b80f2f23eaf8f3aa, topology_type: Unknown, servers: [<ServerDescription ('mongodb', 27017) server_type: Unknown, rtt: None, error=AutoReconnect('mongodb:27017: [Errno -2] Name or service not known (configured timeouts: socketTimeoutMS: 20000.0ms, connectTimeoutMS: 20000.0ms)')>]>
[2026-10-02 04:57:11]     | Fehler: ServerSelectionTimeoutError: mongodb:27017: [Errno -2] Name or service not known (configured timeouts: socketTimeoutMS: 20000.0ms, connectTimeoutMS: 20000.0ms), Timeout: 30s, Topology Description: <TopologyDescription id: 6abf1cd1d63142c0564da898, topology_type: Unknown, servers: [<ServerDescription ('mongodb', 27017) server_type: Unknown, rtt: None, error=AutoReconnect('mongodb:27017: [Errno -2] Name or service not known (configured timeouts: socketTimeoutMS: 20000.0ms, connectTimeoutMS: 20000.0ms)')>]>
[2026-10-02 04:57:11]     | Fehler: ServerSelectionTimeoutError: mongodb:27017: [Errno -2] Name or service not known (configured timeouts: socketTimeoutMS: 20000.0ms, connectTimeoutMS: 20000.0ms), Timeout: 30s, Topology Description: <TopologyDescription id: 6abf1cd143a258b667e9efd7, topology_type: Unknown, servers: [<ServerDescription ('mongodb', 27017) server_type: Unknown, rtt: None, error=AutoReconnect('mongodb:27017: [Errno -2] Name or service not known (configured timeouts: socketTimeoutMS: 20000.0ms, connectTimeoutMS: 20000.0ms)')>]>
[2026-10-02 04:57:11]     | Fehler: ServerSelectionTimeoutError: mongodb:27017: [Errno -2] Name or service not known (configured timeouts: socketTimeoutMS: 20000.0ms, connectTimeoutMS: 20000.0ms), Timeout: 30s, Topology Description: <TopologyDescription id: 6abf1cd1b80f2f23eaf8f3aa, topology_type: Unknown, servers: [<ServerDescription ('mongodb', 27017) server_type: Unknown, rtt: None, error=AutoReconnect('mongodb:27017: [Errno -2] Name or service not known (configured timeouts: socketTimeoutMS: 20000.0ms, connectTimeoutMS: 20000.0ms)')>]>
[2026-10-02 04:57:11]     | Fehler: ServerSelectionTimeoutError: mongodb:27017: [Errno -2] Name or service not known (configured timeouts: socketTimeoutMS: 20000.0ms, connectTimeoutMS: 20000.0ms), Timeout: 30s, Topology Description: <TopologyDescription id: 6abf1cd1a0aa77bae334f635, topology_type: Unknown, servers: [<ServerDescription ('mongodb', 27017) server_type: Unknown, rtt: None, error=AutoReconnect('mongodb:27017: [Errno -2] Name or service not known (configured timeouts: socketTimeoutMS: 20000.0ms, connectTimeoutMS: 20000.0ms)')>]>
[2026-10-02 04:57:11]   -> Durchsatz 0.0 Ops/s, Median 0 ms, p95 0.0 ms, Operationen 0, Fehler 16 (100.00%)
[2026-10-02 04:57:11] !!!!!!!!!!!!!!!!!!!!!!!!!!!!!!!!!!!!!!!!!!!!!!!!!!!!!!!!!!!!!!!!!!!!!!!!
[2026-10-02 04:57:11] !!! FEHLER: SF2 L1 Arm B Lauf 5: keine Operation im Messfenster.
[2026-10-02 04:57:11] !!!!!!!!!!!!!!!!!!!!!!!!!!!!!!!!!!!!!!!!!!!!!!!!!!!!!!!!!!!!!!!!!!!!!!!!
[2026-10-02 04:57:11] [116/150] SF2 L1 Arm C Lauf 1 -- Restzeit ca. 1 h 48 min
[2026-10-02 04:57:11]   Container arm_mongodb neu gestartet (0.4 s).
[2026-10-02 05:00:13]   -> Durchsatz 15936.1 Ops/s, Median 0.235 ms, p95 0.382 ms, Operationen 1912340, Fehler 0 (0.00%)
[2026-10-02 05:00:13] [117/150] SF2 L1 Arm C Lauf 2 -- Restzeit ca. 1 h 45 min
[2026-10-02 05:03:15]   -> Durchsatz 16040.3 Ops/s, Median 0.234 ms, p95 0.378 ms, Operationen 1924841, Fehler 0 (0.00%)
[2026-10-02 05:03:15] [118/150] SF2 L1 Arm C Lauf 3 -- Restzeit ca. 1 h 42 min
[2026-10-02 05:06:17]   -> Durchsatz 15894.7 Ops/s, Median 0.235 ms, p95 0.382 ms, Operationen 1907364, Fehler 0 (0.00%)
[2026-10-02 05:06:17] [119/150] SF2 L1 Arm C Lauf 4 -- Restzeit ca. 1 h 39 min
[2026-10-02 05:09:19]   -> Durchsatz 15964.6 Ops/s, Median 0.235 ms, p95 0.38 ms, Operationen 1915754, Fehler 0 (0.00%)
[2026-10-02 05:09:19] [120/150] SF2 L1 Arm C Lauf 5 -- Restzeit ca. 1 h 36 min
[2026-10-02 05:12:21]   -> Durchsatz 15886.7 Ops/s, Median 0.236 ms, p95 0.384 ms, Operationen 1906407, Fehler 0 (0.00%)
[2026-10-02 05:12:21] [121/150] SF2 L4-Q1 Arm A Lauf 1 -- Restzeit ca. 1 h 32 min
[2026-10-02 05:12:21]   Container arm_postgres neu gestartet (0.4 s).
[2026-10-02 05:15:26]   -> Durchsatz 2.0 Ops/s, Median 1983.557 ms, p95 2623.119 ms, Operationen 240, Fehler 0 (0.00%)
[2026-10-02 05:15:26] [122/150] SF2 L4-Q1 Arm A Lauf 2 -- Restzeit ca. 1 h 29 min
[2026-10-02 05:18:31]   -> Durchsatz 2.0 Ops/s, Median 1951.815 ms, p95 2524.347 ms, Operationen 244, Fehler 0 (0.00%)
[2026-10-02 05:18:31] [123/150] SF2 L4-Q1 Arm A Lauf 3 -- Restzeit ca. 1 h 26 min
[2026-10-02 05:21:35]   -> Durchsatz 2.0 Ops/s, Median 1942.547 ms, p95 2517.5 ms, Operationen 244, Fehler 0 (0.00%)
[2026-10-02 05:21:35] [124/150] SF2 L4-Q1 Arm A Lauf 4 -- Restzeit ca. 1 h 23 min
[2026-10-02 05:24:39]   -> Durchsatz 2.0 Ops/s, Median 1973.066 ms, p95 2380.526 ms, Operationen 244, Fehler 0 (0.00%)
[2026-10-02 05:24:39] [125/150] SF2 L4-Q1 Arm A Lauf 5 -- Restzeit ca. 1 h 20 min
[2026-10-02 05:27:43]   -> Durchsatz 2.0 Ops/s, Median 1944.938 ms, p95 2584.799 ms, Operationen 244, Fehler 0 (0.00%)
[2026-10-02 05:27:43] [126/150] SF2 L4-Q2 Arm A Lauf 1 -- Restzeit ca. 1 h 17 min
[2026-10-02 05:30:45]   -> Durchsatz 58.5 Ops/s, Median 68.401 ms, p95 70.28 ms, Operationen 7016, Fehler 0 (0.00%)
[2026-10-02 05:30:45] [127/150] SF2 L4-Q2 Arm A Lauf 2 -- Restzeit ca. 1 h 14 min
[2026-10-02 05:33:46]   -> Durchsatz 58.5 Ops/s, Median 68.327 ms, p95 70.573 ms, Operationen 7019, Fehler 0 (0.00%)
[2026-10-02 05:33:46] [128/150] SF2 L4-Q2 Arm A Lauf 3 -- Restzeit ca. 1 h 11 min
[2026-10-02 05:36:47]   -> Durchsatz 58.6 Ops/s, Median 68.198 ms, p95 70.139 ms, Operationen 7040, Fehler 0 (0.00%)
[2026-10-02 05:36:47] [129/150] SF2 L4-Q2 Arm A Lauf 4 -- Restzeit ca. 1 h 08 min
[2026-10-02 05:39:48]   -> Durchsatz 58.5 Ops/s, Median 68.317 ms, p95 70.224 ms, Operationen 7024, Fehler 0 (0.00%)
[2026-10-02 05:39:48] [130/150] SF2 L4-Q2 Arm A Lauf 5 -- Restzeit ca. 1 h 05 min
[2026-10-02 05:42:50]   -> Durchsatz 58.5 Ops/s, Median 68.282 ms, p95 70.227 ms, Operationen 7028, Fehler 0 (0.00%)
[2026-10-02 05:42:50] [131/150] SF2 L4-Q1 Arm B Lauf 1 -- Restzeit ca. 1 h 02 min
[2026-10-02 05:42:52]   Container arm_mongodb neu gestartet (2.1 s).
[2026-10-02 05:46:06]   -> Durchsatz 0.3 Ops/s, Median 12677.333 ms, p95 13430.794 ms, Operationen 40, Fehler 0 (0.00%)
[2026-10-02 05:46:06] [132/150] SF2 L4-Q1 Arm B Lauf 2 -- Restzeit ca. 0 h 59 min
[2026-10-02 05:49:19]   -> Durchsatz 0.3 Ops/s, Median 12858.878 ms, p95 13333.823 ms, Operationen 40, Fehler 0 (0.00%)
[2026-10-02 05:49:19] [133/150] SF2 L4-Q1 Arm B Lauf 3 -- Restzeit ca. 0 h 55 min
[2026-10-02 05:52:35]   -> Durchsatz 0.3 Ops/s, Median 12899.24 ms, p95 13721.052 ms, Operationen 40, Fehler 0 (0.00%)
[2026-10-02 05:52:35] [134/150] SF2 L4-Q1 Arm B Lauf 4 -- Restzeit ca. 0 h 52 min
[2026-10-02 05:55:53]   -> Durchsatz 0.3 Ops/s, Median 12822.344 ms, p95 14378.607 ms, Operationen 40, Fehler 0 (0.00%)
[2026-10-02 05:55:53] [135/150] SF2 L4-Q1 Arm B Lauf 5 -- Restzeit ca. 0 h 49 min
[2026-10-02 05:59:08]   -> Durchsatz 0.3 Ops/s, Median 12880.367 ms, p95 13710.95 ms, Operationen 40, Fehler 0 (0.00%)
[2026-10-02 05:59:08] [136/150] SF2 L4-Q2 Arm B Lauf 1 -- Restzeit ca. 0 h 46 min
[2026-10-02 06:02:10]   -> Durchsatz 16.0 Ops/s, Median 250.157 ms, p95 263.9 ms, Operationen 1921, Fehler 0 (0.00%)
[2026-10-02 06:02:10] [137/150] SF2 L4-Q2 Arm B Lauf 2 -- Restzeit ca. 0 h 43 min
[2026-10-02 06:05:12]   -> Durchsatz 16.1 Ops/s, Median 249.033 ms, p95 262.317 ms, Operationen 1930, Fehler 0 (0.00%)
[2026-10-02 06:05:12] [138/150] SF2 L4-Q2 Arm B Lauf 3 -- Restzeit ca. 0 h 40 min
[2026-10-02 06:08:14]   -> Durchsatz 16.0 Ops/s, Median 249.885 ms, p95 264.324 ms, Operationen 1922, Fehler 0 (0.00%)
[2026-10-02 06:08:14] [139/150] SF2 L4-Q2 Arm B Lauf 4 -- Restzeit ca. 0 h 37 min
[2026-10-02 06:11:15]   -> Durchsatz 16.2 Ops/s, Median 246.628 ms, p95 261.161 ms, Operationen 1948, Fehler 0 (0.00%)
[2026-10-02 06:11:15] [140/150] SF2 L4-Q2 Arm B Lauf 5 -- Restzeit ca. 0 h 34 min
[2026-10-02 06:14:17]   -> Durchsatz 16.2 Ops/s, Median 247.26 ms, p95 259.446 ms, Operationen 1946, Fehler 0 (0.00%)
[2026-10-02 06:14:17] [141/150] SF2 L4-Q1 Arm C Lauf 1 -- Restzeit ca. 0 h 31 min
[2026-10-02 06:14:17]   Container arm_mongodb neu gestartet (0.7 s).
[2026-10-02 06:17:27]   -> Durchsatz 0.8 Ops/s, Median 4968.924 ms, p95 5129.852 ms, Operationen 100, Fehler 0 (0.00%)
[2026-10-02 06:17:27] [142/150] SF2 L4-Q1 Arm C Lauf 2 -- Restzeit ca. 0 h 28 min
[2026-10-02 06:20:37]   -> Durchsatz 0.8 Ops/s, Median 4953.91 ms, p95 5135.357 ms, Operationen 100, Fehler 0 (0.00%)
[2026-10-02 06:20:37] [143/150] SF2 L4-Q1 Arm C Lauf 3 -- Restzeit ca. 0 h 25 min
[2026-10-02 06:23:45]   -> Durchsatz 0.8 Ops/s, Median 4944.15 ms, p95 5118.859 ms, Operationen 100, Fehler 0 (0.00%)
[2026-10-02 06:23:45] [144/150] SF2 L4-Q1 Arm C Lauf 4 -- Restzeit ca. 0 h 22 min
[2026-10-02 06:26:55]   -> Durchsatz 0.8 Ops/s, Median 4995.169 ms, p95 5109.044 ms, Operationen 98, Fehler 0 (0.00%)
[2026-10-02 06:26:55] [145/150] SF2 L4-Q1 Arm C Lauf 5 -- Restzeit ca. 0 h 19 min
[2026-10-02 06:30:05]   -> Durchsatz 0.8 Ops/s, Median 4960.855 ms, p95 5148.351 ms, Operationen 100, Fehler 0 (0.00%)
[2026-10-02 06:30:05] [146/150] SF2 L4-Q2 Arm C Lauf 1 -- Restzeit ca. 0 h 15 min
[2026-10-02 06:33:14]   -> Durchsatz 0.9 Ops/s, Median 4573.547 ms, p95 4840.062 ms, Operationen 107, Fehler 0 (0.00%)
[2026-10-02 06:33:14] [147/150] SF2 L4-Q2 Arm C Lauf 2 -- Restzeit ca. 0 h 12 min
[2026-10-02 06:36:22]   -> Durchsatz 0.9 Ops/s, Median 4556.704 ms, p95 4785.529 ms, Operationen 108, Fehler 0 (0.00%)
[2026-10-02 06:36:22] [148/150] SF2 L4-Q2 Arm C Lauf 3 -- Restzeit ca. 0 h 09 min
[2026-10-02 06:39:29]   -> Durchsatz 0.9 Ops/s, Median 4532.217 ms, p95 4789.258 ms, Operationen 108, Fehler 0 (0.00%)
[2026-10-02 06:39:29] [149/150] SF2 L4-Q2 Arm C Lauf 4 -- Restzeit ca. 0 h 06 min
[2026-10-02 06:42:38]   -> Durchsatz 0.9 Ops/s, Median 4558.493 ms, p95 4767.959 ms, Operationen 108, Fehler 0 (0.00%)
[2026-10-02 06:42:38] [150/150] SF2 L4-Q2 Arm C Lauf 5 -- Restzeit ca. 0 h 03 min
[2026-10-02 06:45:46]   -> Durchsatz 0.9 Ops/s, Median 4570.867 ms, p95 4874.282 ms, Operationen 108, Fehler 0 (0.00%)
[2026-10-02 06:45:46] ========================================================================
[2026-10-02 06:45:46] Zusammenfassung: 150 von 150 offenen Laeufen bearbeitet in 7 h 50 min.
[2026-10-02 06:45:46]   Zuruecksetzen Arm A: 20x, Median 2.7 s
[2026-10-02 06:45:46]   Zuruecksetzen Arm B: 20x, Median 15.4 s
[2026-10-02 06:45:46]   Zuruecksetzen Arm C: 20x, Median 4.3 s
[2026-10-02 06:45:46]   wiederholt wegen > 1 % Fehlern: SF2 L1 Arm B Lauf 5
[2026-10-02 06:45:46] FEHLER (4):
[2026-10-02 06:45:46]   - SF1 L3 Arm C Fan-out 1000 Lauf 2: kein Ergebnis
[2026-10-02 06:45:46]   - SF1 L3 Arm C Fan-out 1000 Lauf 3: kein Ergebnis
[2026-10-02 06:45:46]   - SF1 L3 Arm C Fan-out 1000 Lauf 4: kein Ergebnis
[2026-10-02 06:45:46]   - SF2 L1 Arm B Lauf 5: 0 Operationen
[2026-10-02 10:14:53] ========================================================================
[2026-10-02 10:14:53] run_all.py gestartet: --nur-sf2 --profil L1
[2026-10-02 10:14:53] Modus: Messreihe; 60 s aufwaermen, 120 s messen, 4 Clients, Laufnummern [1, 2, 3, 4, 5]
[2026-10-02 10:14:53] Lastgenerator: Client-Container arm_client im Docker-Netz
[2026-10-02 10:14:53] Plan: 15 Laeufe, davon 13 bereits in messungen.csv, 2 offen.
[2026-10-02 10:14:53] ------------------------------------------------------------------------
[2026-10-02 10:14:53] Block SF2: 2 offene Laeufe
[2026-10-02 10:14:53] Pruefe, welche Datenmenge geladen ist ...
[2026-10-02 10:14:55]   geladen: SF2
[2026-10-02 10:14:55] [1/2] SF2 L1 Arm B Lauf 4 -- Restzeit ca. 0 h 06 min
[2026-10-02 10:14:57]   Container arm_mongodb neu gestartet (2.0 s).
[2026-10-02 10:17:57]   -> Durchsatz 3819.9 Ops/s, Median 1.017 ms, p95 1.381 ms, Operationen 458391, Fehler 0 (0.00%)
[2026-10-02 10:17:57] [2/2] SF2 L1 Arm B Lauf 5 -- Restzeit ca. 0 h 03 min
[2026-10-02 10:20:58]   -> Durchsatz 3770.3 Ops/s, Median 1.031 ms, p95 1.393 ms, Operationen 452438, Fehler 0 (0.00%)
[2026-10-02 10:20:58] ========================================================================
[2026-10-02 10:20:58] Zusammenfassung: 2 von 2 offenen Laeufen bearbeitet in 0 h 06 min.
[2026-10-02 10:20:58] Keine Fehler.
[2026-10-02 10:20:58] ========================================================================
[2026-10-02 10:20:58] run_all.py gestartet: --nur-sf1 --profil L3
[2026-10-02 10:20:58] Modus: Messreihe; 60 s aufwaermen, 120 s messen, 4 Clients, Laufnummern [1, 2, 3, 4, 5]
[2026-10-02 10:20:58] Lastgenerator: Client-Container arm_client im Docker-Netz
[2026-10-02 10:20:58] Plan: 45 Laeufe, davon 42 bereits in messungen.csv, 3 offen.
[2026-10-02 10:20:58] ------------------------------------------------------------------------
[2026-10-02 10:20:58] Block SF1: 3 offene Laeufe
[2026-10-02 10:20:58] Pruefe, welche Datenmenge geladen ist ...
[2026-10-02 10:20:59]   geladen: unbekannt
[2026-10-02 10:20:59] Lade SF1 in alle drei Datenbanken (load_data.py --drop) ...
[2026-10-02 10:20:59]     | === Arm A: PostgreSQL ===
[2026-10-02 10:20:59]     |   Fuehre Schema (Tabellen) aus ...
[2026-10-02 10:20:59]     |   COPY kunde ...
[2026-10-02 10:20:59]     |   COPY produkt ...
[2026-10-02 10:20:59]     |   COPY auftrag ...
[2026-10-02 10:21:00]     |   COPY auftragsposition ...
[2026-10-02 10:21:15]     |   Fuehre Indizes aus ...
[2026-10-02 10:21:16]     |   ANALYZE ...
[2026-10-02 10:21:16]     |     ANALYZE fertig in 0.2 s.
[2026-10-02 10:21:16]     |   Arm A fertig in 17.3 s (davon ANALYZE: 0.2 s).
[2026-10-02 10:21:16]     | === Arm B: MongoDB, referenziert ===
[2026-10-02 10:21:16]     |   Lade kunden (arm_b) ...
[2026-10-02 10:21:17]     |         23,264 Dokumente geladen.
[2026-10-02 10:21:17]     |   Lade produkte (arm_b) ...
[2026-10-02 10:21:17]     |          5,000 Dokumente geladen.
[2026-10-02 10:21:17]     |   Lade auftraege (arm_b) ...
[2026-10-02 10:21:17]     |        100,000 Dokumente ...
[2026-10-02 10:21:17]     |        200,000 Dokumente ...
[2026-10-02 10:21:17]     |        300,000 Dokumente ...
[2026-10-02 10:21:17]     |        300,000 Dokumente geladen.
[2026-10-02 10:21:17]     |   Lade positionen (arm_b) ...
[2026-10-02 10:21:18]     |        100,000 Dokumente ...
[2026-10-02 10:21:18]     |        200,000 Dokumente ...
[2026-10-02 10:21:19]     |        300,000 Dokumente ...
[2026-10-02 10:21:19]     |        400,000 Dokumente ...
[2026-10-02 10:21:19]     |        500,000 Dokumente ...
[2026-10-02 10:21:20]     |        600,000 Dokumente ...
[2026-10-02 10:21:20]     |        700,000 Dokumente ...
[2026-10-02 10:21:21]     |        800,000 Dokumente ...
[2026-10-02 10:21:21]     |        900,000 Dokumente ...
[2026-10-02 10:21:21]     |      1,000,000 Dokumente ...
[2026-10-02 10:21:22]     |      1,100,000 Dokumente ...
[2026-10-02 10:21:22]     |      1,200,000 Dokumente ...
[2026-10-02 10:21:23]     |      1,300,000 Dokumente ...
[2026-10-02 10:21:23]     |      1,400,000 Dokumente ...
[2026-10-02 10:21:23]     |      1,500,000 Dokumente ...
[2026-10-02 10:21:24]     |      1,600,000 Dokumente ...
[2026-10-02 10:21:24]     |      1,700,000 Dokumente ...
[2026-10-02 10:21:25]     |      1,800,000 Dokumente ...
[2026-10-02 10:21:25]     |      1,900,000 Dokumente ...
[2026-10-02 10:21:25]     |      2,000,000 Dokumente ...
[2026-10-02 10:21:26]     |      2,100,000 Dokumente ...
[2026-10-02 10:21:26]     |      2,200,000 Dokumente ...
[2026-10-02 10:21:27]     |      2,300,000 Dokumente ...
[2026-10-02 10:21:27]     |      2,400,000 Dokumente ...
[2026-10-02 10:21:27]     |      2,500,000 Dokumente ...
[2026-10-02 10:21:28]     |      2,600,000 Dokumente ...
[2026-10-02 10:21:28]     |      2,700,000 Dokumente ...
[2026-10-02 10:21:28]     |      2,800,000 Dokumente ...
[2026-10-02 10:21:29]     |      2,900,000 Dokumente ...
[2026-10-02 10:21:29]     |      2,907,507 Dokumente geladen.
[2026-10-02 10:21:29]     |   Arm B fertig in 12.5 s.
[2026-10-02 10:21:29]     | === Arm C: MongoDB, eingebettet ===
[2026-10-02 10:21:29]     |   Lade kunden (arm_c) ...
[2026-10-02 10:21:29]     |         23,264 Dokumente geladen.
[2026-10-02 10:21:29]     |   Lade produkte (arm_c) ...
[2026-10-02 10:21:29]     |          5,000 Dokumente geladen.
[2026-10-02 10:21:29]     |   Lade auftraege (arm_c) ...
[2026-10-02 10:21:31]     |        100,000 Dokumente ...
[2026-10-02 10:21:33]     |        200,000 Dokumente ...
[2026-10-02 10:21:35]     |        300,000 Dokumente ...
[2026-10-02 10:21:35]     |        300,000 Dokumente geladen.
[2026-10-02 10:21:36]     |   Arm C fertig in 7.1 s.
[2026-10-02 10:21:36]     | === Ladezeiten ===
[2026-10-02 10:21:36]     |   Arm A: 17.3 s
[2026-10-02 10:21:36]     |   Arm B: 12.5 s
[2026-10-02 10:21:36]     |   Arm C: 7.1 s
[2026-10-02 10:21:36]     | === Pruefung ===
[2026-10-02 10:21:36]     | Entitaet                 Soll           Arm A           Arm B           Arm C
[2026-10-02 10:21:36]     | ------------------------------------------------------------------------------
[2026-10-02 10:21:36]     | Kunden                 23,264          23,264              23,264              23,264
[2026-10-02 10:21:36]     | Produkte                5,000           5,000               5,000               5,000
[2026-10-02 10:21:36]     | Auftraege             300,000         300,000             300,000             300,000
[2026-10-02 10:21:36]     | Positionen          2,907,507       2,907,507           2,907,507           2,907,507
[2026-10-02 10:21:36]     | Alle Anzahlen stimmen ueberein.
[2026-10-02 10:21:36]     | Hinweis: Indizes fuer MongoDB jetzt anlegen:
[2026-10-02 10:21:36]     |   python skripte/mongo_setup.py
[2026-10-02 10:21:45]     | === Arm B (arm_b) ===
[2026-10-02 10:21:45]     |   arm_b.auftraege:
[2026-10-02 10:21:45]     |     _id_: {'_id': 1}
[2026-10-02 10:21:45]     |     idx_auftraege_kunde_id: {'kunde_id': 1}
[2026-10-02 10:21:45]     |     idx_auftraege_bestelldatum: {'bestelldatum': 1}
[2026-10-02 10:21:45]     |   arm_b.positionen:
[2026-10-02 10:21:45]     |     _id_: {'_id': 1}
[2026-10-02 10:21:45]     |     idx_positionen_auftrag_id: {'auftrag_id': 1}
[2026-10-02 10:21:45]     |     idx_positionen_produkt_id: {'produkt_id': 1}
[2026-10-02 10:21:45]     |   arm_b.kunden:
[2026-10-02 10:21:45]     |     _id_: {'_id': 1}
[2026-10-02 10:21:45]     |   arm_b.produkte:
[2026-10-02 10:21:45]     |     _id_: {'_id': 1}
[2026-10-02 10:21:45]     | === Arm C (arm_c) ===
[2026-10-02 10:21:45]     |   arm_c.auftraege:
[2026-10-02 10:21:45]     |     _id_: {'_id': 1}
[2026-10-02 10:21:45]     |     idx_auftraege_kunde_kunde_id: {'kunde.kunde_id': 1}
[2026-10-02 10:21:45]     |     idx_auftraege_bestelldatum: {'bestelldatum': 1}
[2026-10-02 10:21:45]     |     idx_auftraege_positionen_produkt_id: {'positionen.produkt_id': 1}
[2026-10-02 10:21:45]     |   arm_c.kunden:
[2026-10-02 10:21:45]     |     _id_: {'_id': 1}
[2026-10-02 10:21:45]     |   arm_c.produkte:
[2026-10-02 10:21:45]     |     _id_: {'_id': 1}
[2026-10-02 10:21:46]   SF1 geladen in 0 h 01 min.
[2026-10-02 10:21:46] Pruefe Bestand (Anzahlen, Anschriften) ...
[2026-10-02 10:21:47]   Arm A: sauber
[2026-10-02 10:21:47]   Arm B: sauber
[2026-10-02 10:21:47]   Arm C: sauber
[2026-10-02 10:21:47] Erzeuge Dumps im Container ...
[2026-10-02 10:21:55]   Dumps fertig in 7.6 s.
[2026-10-02 10:21:55] Pruefe das Wiederherstellen aus den Dumps ...
[2026-10-02 10:21:58]   Arm A zurueckgesetzt (3.3 s).
[2026-10-02 10:22:14]   Arm B zurueckgesetzt (16.0 s).
[2026-10-02 10:22:19]   Arm C zurueckgesetzt (4.6 s).
[2026-10-02 10:22:21]   Arm A: sauber
[2026-10-02 10:22:21]   Arm B: sauber
[2026-10-02 10:22:21]   Arm C: sauber
[2026-10-02 10:22:21]   Wiederherstellen funktioniert, Anzahlen und Indizes stimmen.
[2026-10-02 10:22:21] [1/3] SF1 L3 Arm C Fan-out 1000 Lauf 2 -- Restzeit ca. 0 h 10 min
[2026-10-02 10:22:26]   Arm C zurueckgesetzt (4.6 s).
[2026-10-02 10:22:28]   Container arm_mongodb neu gestartet (2.1 s).
[2026-10-02 10:25:28]   -> Durchsatz 321.8 Ops/s, Median 12.234 ms, p95 15.455 ms, Operationen 38617, Fehler 0 (0.00%), geschrieben je Op 999.9
[2026-10-02 10:25:28] [2/3] SF1 L3 Arm C Fan-out 1000 Lauf 3 -- Restzeit ca. 0 h 06 min
[2026-10-02 10:25:32]   Arm C zurueckgesetzt (4.4 s).
[2026-10-02 10:25:33]   Container arm_mongodb neu gestartet (0.7 s).
[2026-10-02 10:28:33]   -> Durchsatz 319.2 Ops/s, Median 12.336 ms, p95 15.615 ms, Operationen 38307, Fehler 0 (0.00%), geschrieben je Op 1000.0
[2026-10-02 10:28:33] [3/3] SF1 L3 Arm C Fan-out 1000 Lauf 4 -- Restzeit ca. 0 h 03 min
[2026-10-02 10:28:38]   Arm C zurueckgesetzt (4.5 s).
[2026-10-02 10:28:39]   Container arm_mongodb neu gestartet (0.6 s).
[2026-10-02 10:31:39]   -> Durchsatz 315.8 Ops/s, Median 12.469 ms, p95 15.846 ms, Operationen 37900, Fehler 0 (0.00%), geschrieben je Op 1000.2
[2026-10-02 10:31:39] Abschliessendes Zuruecksetzen von SF1 ...
[2026-10-02 10:31:45]   Arm C zurueckgesetzt (4.4 s).
[2026-10-02 10:31:47]   Arm A: sauber
[2026-10-02 10:31:47]   Arm B: sauber
[2026-10-02 10:31:47]   Arm C: sauber
[2026-10-02 10:31:47] ========================================================================
[2026-10-02 10:31:47] Zusammenfassung: 3 von 3 offenen Laeufen bearbeitet in 0 h 11 min.
[2026-10-02 10:31:47]   Zuruecksetzen Arm A: 1x, Median 3.3 s
[2026-10-02 10:31:47]   Zuruecksetzen Arm B: 1x, Median 16.0 s
[2026-10-02 10:31:47]   Zuruecksetzen Arm C: 4x, Median 4.5 s
[2026-10-02 10:31:47] Keine Fehler.
